Ca_molar_fraction,Mn_molar_fraction,Co_molar_fraction,Ni_molar_fraction,Sn_molar_fraction,Sb_molar_fraction,overpotential_V
0.1,0.2,0.0,0.0,0.6,0.1,0.454321
0.0,0.3,0.0,0.2,0.5,0.0,0.454306
0.2,0.0,0.1,0.0,0.4,0.3,0.4527319999999999
0.1,0.0,0.4,0.1,0.4,0.0,0.460305
0.2,0.1,0.2,0.0,0.0,0.5,0.556269
0.0,0.1,0.1,0.6,0.0,0.2,0.461232
0.4,0.0,0.3,0.1,0.2,0.0,0.455355
0.0,0.0,0.7,0.1,0.1,0.1,0.485155
0.2,0.1,0.0,0.1,0.0,0.6,0.5022439999999999
0.4,0.0,0.3,0.0,0.2,0.1,0.470321
0.0,0.6,0.0,0.3,0.0,0.1,0.55232
0.3,0.4,0.0,0.0,0.1,0.2,0.555584
0.1,0.3,0.4,0.0,0.2,0.0,0.483977
0.1,0.1,0.0,0.5,0.0,0.3,0.4803
0.0,0.0,0.1,0.7,0.2,0.0,0.439633
0.1,0.6,0.0,0.0,0.2,0.1,0.4813199999999999
0.0,0.3,0.1,0.2,0.4,0.0,0.446313
0.2,0.0,0.6,0.0,0.1,0.1,0.48731
0.4,0.2,0.0,0.0,0.2,0.2,0.506817
0.4,0.2,0.0,0.2,0.2,0.0,0.49249
0.2,0.8,0.0,0.0,0.0,0.0,0.576955
0.2,0.0,0.2,0.6,0.0,0.0,0.4298369999999999
0.0,0.2,0.2,0.2,0.0,0.4,0.517252
0.0,0.0,0.2,0.2,0.4,0.2,0.47572
0.0,0.0,0.0,0.2,0.8,0.0,0.450162
0.2,0.6,0.0,0.0,0.2,0.0,0.491521
0.0,0.0,0.0,0.2,0.6,0.2,0.456527
0.0,0.2,0.2,0.0,0.6,0.0,0.4681369999999999
1.0,0.0,0.0,0.0,0.0,0.0,0.512696
0.2,0.2,0.0,0.0,0.4,0.2,0.477539
0.0,0.0,0.4,0.2,0.2,0.2,0.4790109999999999
0.0,0.6,0.0,0.2,0.2,0.0,0.5052369999999999
0.0,0.2,0.0,0.6,0.2,0.0,0.436851
0.2,0.0,0.0,0.8,0.0,0.0,0.449692
0.2,0.4,0.0,0.0,0.2,0.2,0.503037
0.0,0.0,0.2,0.6,0.0,0.2,0.474233
0.4,0.2,0.2,0.2,0.0,0.0,0.5064420000000001
0.2,0.4,0.0,0.2,0.2,0.0,0.507421
0.8,0.0,0.0,0.2,0.0,0.0,0.545041
0.0,0.0,0.8,0.0,0.2,0.0,0.482943
0.0,0.2,0.4,0.0,0.2,0.2,0.493927
0.0,0.2,0.2,0.6,0.0,0.0,0.446378
0.0,0.2,0.0,0.8,0.0,0.0,0.453798
0.0,0.2,0.0,0.0,0.6,0.2,0.485335
0.0,0.0,0.0,0.5,0.1,0.4,0.443996
0.3,0.1,0.6,0.0,0.0,0.0,0.5353359999999999
0.1,0.1,0.4,0.4,0.0,0.0,0.461628
0.4,0.1,0.0,0.0,0.5,0.0,0.4426989999999999
0.0,0.0,0.1,0.5,0.3,0.1,0.429814
0.1,0.0,0.0,0.7,0.0,0.2,0.436403
0.2,0.4,0.1,0.3,0.0,0.0,0.534826
0.0,0.1,0.1,0.6,0.2,0.0,0.417674
0.3,0.3,0.0,0.0,0.3,0.1,0.47239
0.0,0.4,0.0,0.1,0.1,0.4,0.523058
0.2,0.2,0.0,0.0,0.1,0.5,0.516613
0.4,0.4,0.0,0.0,0.1,0.1,0.551265
0.0,0.3,0.0,0.0,0.0,0.7,0.656165
0.2,0.0,0.1,0.0,0.1,0.6,0.461714
0.3,0.3,0.0,0.0,0.4,0.0,0.466842
0.0,0.2,0.3,0.4,0.0,0.1,0.483749
0.1,0.4,0.0,0.2,0.3,0.0,0.4700979999999999
0.5,0.0,0.0,0.4,0.0,0.1,0.509296
0.1,0.0,0.0,0.4,0.1,0.4,0.424216
0.1,0.3,0.0,0.0,0.5,0.1,0.466211
0.6,0.1,0.0,0.2,0.1,0.0,0.479327
0.0,0.3,0.0,0.6,0.0,0.1,0.455426
0.4,0.1,0.0,0.4,0.0,0.1,0.493222
0.6,0.0,0.0,0.3,0.1,0.0,0.48388
0.3,0.5,0.0,0.1,0.0,0.1,0.514104
0.4,0.2,0.0,0.0,0.4,0.0,0.4600649999999999
0.5,0.1,0.0,0.1,0.3,0.0,0.453752
0.1,0.1,0.5,0.0,0.3,0.0,0.467789
0.0,0.2,0.0,0.6,0.1,0.1,0.440536
0.1,0.2,0.0,0.0,0.7,0.0,0.467811
0.5,0.2,0.1,0.2,0.0,0.0,0.5342319999999999
0.1,0.0,0.6,0.0,0.1,0.2,0.489513
0.2,0.1,0.1,0.6,0.0,0.0,0.453615
0.0,0.7,0.0,0.1,0.1,0.1,0.5119560000000001
0.0,0.0,0.1,0.2,0.4,0.3,0.4584899999999999
0.1,0.1,0.0,0.0,0.2,0.6,0.460134
0.3,0.1,0.0,0.0,0.4,0.2,0.449731
0.8,0.0,0.0,0.0,0.2,0.0,0.477792
0.2,0.4,0.2,0.0,0.0,0.2,0.510041
0.4,0.2,0.2,0.0,0.2,0.0,0.4849819999999999
0.0,0.0,0.0,0.2,0.0,0.8,0.468601
0.4,0.0,0.2,0.2,0.0,0.2,0.534403
0.2,0.2,0.2,0.0,0.0,0.4,0.542379
0.0,0.2,0.2,0.0,0.2,0.4,0.494222
0.2,0.0,0.2,0.2,0.0,0.4,0.541139
0.6,0.2,0.0,0.0,0.0,0.2,0.5561119999999999
0.6,0.2,0.0,0.2,0.0,0.0,0.5214840000000001
0.0,0.0,0.2,0.4,0.2,0.2,0.466981
0.0,0.0,0.6,0.2,0.2,0.0,0.473581
0.0,0.2,0.2,0.0,0.0,0.6,0.5415760000000001
0.2,0.2,0.0,0.6,0.0,0.0,0.498059
0.0,0.2,0.0,0.2,0.0,0.6,0.571172
0.2,0.6,0.0,0.2,0.0,0.0,0.500909
0.8,0.0,0.2,0.0,0.0,0.0,0.493357
0.4,0.0,0.0,0.2,0.2,0.2,0.425302
0.2,0.0,0.0,0.0,0.6,0.2,0.434532
0.4,0.0,0.2,0.2,0.2,0.0,0.422354
0.0,0.0,0.0,0.8,0.0,0.2,0.44792
0.0,0.0,0.2,0.8,0.0,0.0,0.4560479999999999
0.0,0.2,0.2,0.2,0.4,0.0,0.449438
0.2,0.2,0.4,0.0,0.2,0.0,0.4476699999999999
0.2,0.0,0.0,0.2,0.4,0.2,0.4048219999999999
0.4,0.0,0.2,0.0,0.2,0.2,0.457414
0.1,0.4,0.0,0.0,0.0,0.5,0.505004
0.2,0.7,0.1,0.0,0.0,0.0,0.588403
0.0,0.4,0.0,0.0,0.1,0.5,0.50326
0.0,0.0,0.4,0.4,0.1,0.1,0.470739
0.0,0.3,0.0,0.2,0.4,0.1,0.45491
0.4,0.0,0.0,0.3,0.1,0.2,0.438151
0.3,0.0,0.3,0.2,0.2,0.0,0.431746
0.0,0.0,0.4,0.0,0.5,0.1,0.4673029999999999
0.6,0.3,0.0,0.0,0.0,0.1,0.533817
0.4,0.0,0.0,0.6,0.0,0.0,0.472479
0.0,0.3,0.4,0.2,0.1,0.0,0.470977
0.0,0.1,0.7,0.0,0.0,0.2,0.5412680000000001
0.0,0.1,0.1,0.1,0.0,0.7,0.552145
0.5,0.1,0.1,0.3,0.0,0.0,0.490778
0.0,0.2,0.3,0.5,0.0,0.0,0.448887
0.5,0.2,0.3,0.0,0.0,0.0,0.498116
0.4,0.1,0.0,0.0,0.3,0.2,0.436788
0.1,0.2,0.2,0.5,0.0,0.0,0.468876
0.5,0.1,0.1,0.0,0.0,0.3,0.531017
0.4,0.0,0.0,0.0,0.6,0.0,0.432906
0.1,0.0,0.0,0.4,0.3,0.2,0.397848
0.2,0.0,0.0,0.3,0.0,0.5,0.41139
0.3,0.1,0.2,0.0,0.0,0.4,0.517985
0.6,0.1,0.1,0.0,0.2,0.0,0.476009
0.4,0.1,0.2,0.0,0.3,0.0,0.4561989999999999
0.5,0.0,0.1,0.3,0.0,0.1,0.483864
0.3,0.1,0.4,0.0,0.0,0.2,0.515764
0.1,0.0,0.4,0.0,0.2,0.3,0.486971
0.1,0.5,0.3,0.1,0.0,0.0,0.480199
0.0,0.1,0.0,0.5,0.2,0.2,0.429509
0.2,0.0,0.5,0.2,0.1,0.0,0.463384
0.1,0.0,0.5,0.0,0.3,0.1,0.471526
0.5,0.0,0.0,0.0,0.4,0.1,0.444192
0.0,0.6,0.3,0.0,0.0,0.1,0.540816
0.0,0.4,0.5,0.0,0.1,0.0,0.496604
0.0,0.5,0.1,0.4,0.0,0.0,0.479072
0.2,0.0,0.0,0.4,0.0,0.4,0.440171
0.0,0.0,0.8,0.2,0.0,0.0,0.46161
0.0,0.0,0.2,0.0,0.8,0.0,0.460906
0.2,0.0,0.0,0.0,0.8,0.0,0.445774
0.2,0.0,0.2,0.2,0.4,0.0,0.4227479999999999
0.0,0.6,0.0,0.0,0.2,0.2,0.491079
0.8,0.0,0.0,0.0,0.0,0.2,0.51722
0.0,0.4,0.0,0.2,0.2,0.2,0.494727
0.2,0.0,0.0,0.0,0.0,0.8,0.545829
0.0,0.4,0.2,0.0,0.2,0.2,0.498167
0.0,0.2,0.0,0.6,0.0,0.2,0.4858479999999999
0.0,0.0,0.6,0.2,0.0,0.2,0.479691
0.2,0.2,0.2,0.4,0.0,0.0,0.482055
0.2,0.2,0.0,0.0,0.2,0.4,0.497774
0.0,0.2,0.0,0.2,0.2,0.4,0.490688
0.8,0.2,0.0,0.0,0.0,0.0,0.5443520000000001
0.2,0.0,0.6,0.0,0.2,0.0,0.46889
0.0,0.2,0.0,0.0,0.8,0.0,0.483072
0.2,0.4,0.2,0.0,0.2,0.0,0.482052
0.2,0.4,0.2,0.2,0.0,0.0,0.5404720000000001
0.6,0.0,0.2,0.0,0.0,0.2,0.5052439999999999
0.2,0.0,0.2,0.0,0.0,0.6,0.496011
0.0,0.0,0.2,0.0,0.2,0.6,0.460456
0.4,0.2,0.0,0.2,0.0,0.2,0.508366
0.2,0.2,0.0,0.2,0.0,0.4,0.50921
0.2,0.2,0.0,0.4,0.2,0.0,0.429666
0.0,0.0,0.0,1.0,0.0,0.0,0.46525
0.5,0.3,0.1,0.1,0.0,0.0,0.541376
0.3,0.2,0.0,0.0,0.2,0.3,0.49256
0.0,0.0,0.5,0.4,0.0,0.1,0.50272
0.6,0.0,0.0,0.1,0.0,0.3,0.51155
0.0,0.1,0.0,0.7,0.0,0.2,0.46168
0.0,0.0,0.7,0.2,0.0,0.1,0.48266
0.1,0.4,0.0,0.3,0.0,0.2,0.549325
0.4,0.4,0.2,0.0,0.0,0.0,0.539929
0.0,0.2,0.0,0.5,0.1,0.2,0.466593
0.3,0.4,0.0,0.0,0.2,0.1,0.48084
0.0,0.0,0.1,0.4,0.0,0.5,0.481674
0.4,0.4,0.0,0.0,0.2,0.0,0.5079020000000001
0.4,0.0,0.5,0.0,0.0,0.1,0.509675
0.2,0.0,0.3,0.0,0.3,0.2,0.4685859999999999
0.1,0.0,0.5,0.3,0.1,0.0,0.429699
0.0,0.1,0.1,0.3,0.0,0.5,0.501816
0.1,0.0,0.3,0.0,0.5,0.1,0.458345
0.2,0.0,0.3,0.3,0.2,0.0,0.4041679999999999
0.5,0.1,0.3,0.0,0.0,0.1,0.584741
0.6,0.0,0.3,0.1,0.0,0.0,0.504991
0.0,0.0,0.0,0.0,0.3,0.7,0.4313229999999999
0.1,0.0,0.0,0.5,0.4,0.0,0.411855
0.0,0.0,0.6,0.1,0.2,0.1,0.459725
0.2,0.0,0.2,0.5,0.0,0.1,0.431435
0.1,0.1,0.0,0.0,0.5,0.3,0.474527
0.1,0.0,0.0,0.2,0.1,0.6,0.434651
0.0,0.1,0.4,0.1,0.4,0.0,0.4610359999999999
0.1,0.1,0.0,0.2,0.6,0.0,0.422414
0.3,0.0,0.0,0.1,0.4,0.2,0.417492
0.1,0.3,0.4,0.0,0.0,0.2,0.5164
0.0,0.0,0.9,0.0,0.0,0.1,0.455418
0.1,0.1,0.0,0.0,0.6,0.2,0.477674
0.0,0.3,0.3,0.3,0.0,0.1,0.500775
0.0,0.4,0.3,0.1,0.2,0.0,0.475977
0.0,0.3,0.0,0.0,0.2,0.5,0.489164
0.2,0.0,0.1,0.0,0.3,0.4,0.466242
0.0,0.2,0.1,0.3,0.0,0.4,0.487403
0.0,0.0,0.0,0.0,1.0,0.0,0.44122
0.6,0.0,0.0,0.2,0.2,0.0,0.4437979999999999
0.0,0.0,0.0,0.0,0.0,1.0,0.483108
0.2,0.2,0.2,0.0,0.4,0.0,0.432795
0.0,0.0,0.2,0.6,0.2,0.0,0.4264699999999999
0.6,0.0,0.2,0.0,0.2,0.0,0.4702479999999999
0.0,0.8,0.2,0.0,0.0,0.0,0.550864
0.2,0.4,0.0,0.2,0.0,0.2,0.590234
0.0,0.6,0.2,0.0,0.0,0.2,0.589329
0.0,0.8,0.0,0.0,0.2,0.0,0.518015
0.0,0.0,0.2,0.2,0.2,0.4,0.456837
0.2,0.0,0.0,0.6,0.0,0.2,0.438775
0.2,0.0,0.6,0.2,0.0,0.0,0.473674
0.0,0.2,0.4,0.2,0.2,0.0,0.463988
0.2,0.2,0.4,0.2,0.0,0.0,0.487859
0.0,0.0,0.0,0.6,0.2,0.2,0.414311
0.6,0.2,0.2,0.0,0.0,0.0,0.505872
0.2,0.0,0.2,0.0,0.6,0.0,0.451341
0.0,0.6,0.2,0.2,0.0,0.0,0.4949189999999999
0.0,0.0,0.2,0.2,0.6,0.0,0.441314
0.0,0.4,0.2,0.2,0.2,0.0,0.442608
0.0,0.2,0.0,0.0,0.2,0.6,0.487631
0.2,0.2,0.0,0.4,0.0,0.2,0.517054
0.0,0.2,0.6,0.2,0.0,0.0,0.4793159999999999
0.2,0.0,0.0,0.6,0.2,0.0,0.401201
0.0,0.0,1.0,0.0,0.0,0.0,0.449756
0.0,0.0,0.1,0.1,0.1,0.7,0.4568899999999999
0.1,0.0,0.0,0.0,0.9,0.0,0.449656
0.2,0.3,0.0,0.4,0.1,0.0,0.482811
0.0,0.2,0.4,0.3,0.0,0.1,0.504466
0.0,0.6,0.2,0.1,0.1,0.0,0.5081979999999999
0.7,0.1,0.0,0.2,0.0,0.0,0.545474
0.3,0.3,0.0,0.2,0.0,0.2,0.510441
0.5,0.0,0.0,0.3,0.2,0.0,0.435117
0.4,0.1,0.4,0.0,0.1,0.0,0.480339
0.0,0.0,0.5,0.1,0.2,0.2,0.46895
0.2,0.1,0.4,0.0,0.3,0.0,0.447495
0.0,0.0,0.3,0.6,0.0,0.1,0.453842
0.2,0.3,0.2,0.0,0.3,0.0,0.455885
0.1,0.2,0.5,0.0,0.0,0.2,0.5441
0.3,0.0,0.4,0.0,0.0,0.3,0.513406
0.0,0.0,0.1,0.2,0.5,0.2,0.4457359999999999
0.3,0.2,0.0,0.0,0.5,0.0,0.442513
0.4,0.0,0.5,0.0,0.1,0.0,0.45677
0.0,0.0,0.0,0.7,0.2,0.1,0.407815
0.8,0.1,0.1,0.0,0.0,0.0,0.542848
0.0,0.1,0.8,0.0,0.1,0.0,0.4709529999999999
0.2,0.0,0.1,0.4,0.0,0.3,0.449292
0.4,0.4,0.0,0.0,0.0,0.2,0.513072
0.0,0.1,0.0,0.6,0.1,0.2,0.429422
0.0,0.5,0.1,0.0,0.0,0.4,0.501744
0.1,0.0,0.0,0.3,0.0,0.6,0.455794
0.1,0.5,0.2,0.2,0.0,0.0,0.508156
0.1,0.0,0.2,0.6,0.0,0.1,0.4315
0.0,0.1,0.1,0.0,0.2,0.6,0.469895
0.1,0.5,0.0,0.2,0.0,0.2,0.529482
0.1,0.0,0.1,0.0,0.3,0.5,0.456
0.0,0.2,0.7,0.1,0.0,0.0,0.50938
0.7,0.0,0.3,0.0,0.0,0.0,0.547974
0.2,0.4,0.0,0.1,0.0,0.3,0.55601
0.7,0.0,0.0,0.1,0.0,0.2,0.5180100000000001
0.1,0.6,0.1,0.0,0.2,0.0,0.47305
0.2,0.0,0.0,0.5,0.0,0.3,0.4383829999999999
0.0,0.0,0.6,0.0,0.2,0.2,0.4515619999999999
0.0,0.2,0.0,0.4,0.2,0.2,0.425308
0.0,0.0,0.0,0.8,0.2,0.0,0.427056
0.0,0.2,0.2,0.4,0.2,0.0,0.406477
0.2,0.0,0.0,0.2,0.2,0.4,0.428345
0.2,0.0,0.2,0.0,0.4,0.2,0.464697
0.2,0.0,0.2,0.4,0.0,0.2,0.466091
0.0,0.2,0.2,0.4,0.0,0.2,0.498503
0.0,0.8,0.0,0.2,0.0,0.0,0.58006
0.2,0.2,0.0,0.0,0.0,0.6,0.589063
0.2,0.0,0.0,0.4,0.2,0.2,0.404698
0.0,0.0,0.2,0.2,0.0,0.6,0.4497239999999999
0.6,0.2,0.0,0.0,0.2,0.0,0.471458
0.0,0.0,0.0,0.0,0.2,0.8,0.458794
0.2,0.6,0.2,0.0,0.0,0.0,0.509903
0.2,0.2,0.6,0.0,0.0,0.0,0.522104
0.0,0.0,0.8,0.0,0.0,0.2,0.486104
0.0,0.2,0.6,0.0,0.0,0.2,0.490221
0.0,0.0,0.0,0.2,0.2,0.6,0.444916
0.0,0.2,0.8,0.0,0.0,0.0,0.470618
0.0,0.0,0.2,0.0,0.6,0.2,0.456754
0.0,1.0,0.0,0.0,0.0,0.0,0.5205770000000001
0.2,0.0,0.2,0.0,0.2,0.4,0.488125
0.0,0.2,0.0,0.0,0.0,0.8,0.521667
0.2,0.0,0.0,0.2,0.0,0.6,0.479952
0.2,0.2,0.0,0.2,0.4,0.0,0.417902
0.0,0.3,0.2,0.2,0.0,0.3,0.487858
0.5,0.0,0.3,0.0,0.1,0.1,0.479728
0.1,0.4,0.0,0.1,0.4,0.0,0.460547
0.1,0.1,0.3,0.0,0.0,0.5,0.5039819999999999
0.2,0.0,0.3,0.2,0.3,0.0,0.432772
0.0,0.1,0.0,0.2,0.7,0.0,0.442338
0.3,0.0,0.5,0.0,0.1,0.1,0.493857
0.3,0.0,0.1,0.0,0.1,0.5,0.468414
0.2,0.0,0.7,0.0,0.1,0.0,0.490537
0.1,0.0,0.7,0.1,0.1,0.0,0.4661189999999999
0.0,0.1,0.1,0.0,0.8,0.0,0.458025
0.0,0.0,0.4,0.2,0.1,0.3,0.46903
0.0,0.0,0.0,0.4,0.3,0.3,0.433792
0.0,0.0,0.2,0.4,0.0,0.4,0.47535
0.8,0.0,0.1,0.0,0.0,0.1,0.556048
0.7,0.2,0.0,0.1,0.0,0.0,0.513606
0.3,0.0,0.1,0.6,0.0,0.0,0.436616
0.0,0.1,0.2,0.0,0.6,0.1,0.465229
0.2,0.1,0.0,0.0,0.2,0.5,0.445062
0.0,0.4,0.1,0.5,0.0,0.0,0.474885
0.3,0.2,0.1,0.0,0.4,0.0,0.458831
0.5,0.2,0.0,0.0,0.0,0.3,0.655528
0.4,0.4,0.0,0.2,0.0,0.0,0.605915
0.0,0.4,0.3,0.0,0.0,0.3,0.489469
0.5,0.0,0.1,0.1,0.3,0.0,0.422145
0.4,0.1,0.4,0.0,0.0,0.1,0.493623
0.2,0.0,0.3,0.4,0.0,0.1,0.4291979999999999
0.0,0.0,0.7,0.1,0.0,0.2,0.467941
0.1,0.0,0.1,0.7,0.0,0.1,0.4386279999999999
0.4,0.5,0.0,0.0,0.1,0.0,0.504225
0.0,0.0,0.0,0.1,0.8,0.1,0.454251
0.0,0.5,0.0,0.2,0.2,0.1,0.469632
0.0,0.1,0.0,0.6,0.2,0.1,0.40492
0.2,0.0,0.2,0.5,0.1,0.0,0.40236
0.0,0.2,0.1,0.2,0.0,0.5,0.515267
0.0,0.1,0.0,0.5,0.0,0.4,0.489106
0.0,0.2,0.0,0.1,0.3,0.4,0.460111
0.2,0.0,0.2,0.4,0.2,0.0,0.394764
0.0,0.4,0.2,0.2,0.0,0.2,0.480642
0.2,0.0,0.0,0.2,0.6,0.0,0.414664
0.0,0.2,0.0,0.2,0.6,0.0,0.437142
0.0,0.0,0.0,0.0,0.8,0.2,0.455611
0.2,0.2,0.4,0.0,0.0,0.2,0.507989
0.0,0.2,0.6,0.0,0.2,0.0,0.477139
0.2,0.0,0.4,0.0,0.2,0.2,0.484966
0.2,0.2,0.0,0.0,0.6,0.0,0.46285
0.0,0.8,0.0,0.0,0.0,0.2,0.577136
0.2,0.0,0.8,0.0,0.0,0.0,0.477639
0.0,0.2,0.2,0.0,0.4,0.2,0.485045
0.2,0.6,0.0,0.0,0.0,0.2,0.532469
0.0,0.2,0.4,0.2,0.0,0.2,0.4720439999999999
0.6,0.0,0.0,0.0,0.2,0.2,0.4665859999999999
0.4,0.2,0.2,0.0,0.0,0.2,0.5233979999999999
0.6,0.0,0.0,0.2,0.0,0.2,0.48962
0.2,0.0,0.0,0.0,0.2,0.6,0.458578
0.0,0.0,0.2,0.0,0.0,0.8,0.5092949999999999
0.6,0.0,0.2,0.2,0.0,0.0,0.483362
0.0,0.2,0.0,0.2,0.4,0.2,0.4472279999999999
0.0,0.6,0.0,0.2,0.0,0.2,0.521591
0.0,0.6,0.2,0.0,0.2,0.0,0.4794029999999999
0.2,0.0,0.4,0.2,0.2,0.0,0.460088
0.2,0.0,0.4,0.2,0.0,0.2,0.50759
0.2,0.0,0.6,0.0,0.0,0.2,0.482562
0.5,0.0,0.0,0.2,0.2,0.1,0.435802
0.0,0.1,0.3,0.0,0.6,0.0,0.4586439999999999
0.0,0.0,0.0,0.8,0.1,0.1,0.409326
0.1,0.0,0.6,0.0,0.2,0.1,0.47975
0.0,0.0,0.6,0.3,0.0,0.1,0.469158
0.3,0.0,0.2,0.4,0.0,0.1,0.437087
0.1,0.0,0.3,0.0,0.2,0.4,0.487145
0.1,0.4,0.3,0.2,0.0,0.0,0.5426989999999999
0.3,0.0,0.5,0.0,0.0,0.2,0.552431
0.1,0.0,0.7,0.0,0.0,0.2,0.542076
0.0,0.1,0.2,0.2,0.0,0.5,0.5136149999999999
0.2,0.1,0.3,0.0,0.0,0.4,0.5567529999999999
0.2,0.3,0.0,0.0,0.1,0.4,0.472242
0.3,0.0,0.0,0.5,0.2,0.0,0.402602
0.0,0.2,0.0,0.3,0.2,0.3,0.4632409999999999
0.0,0.2,0.0,0.1,0.7,0.0,0.437032
0.0,0.0,0.1,0.2,0.1,0.6,0.44653
0.3,0.6,0.0,0.1,0.0,0.0,0.5428069999999999
0.0,0.3,0.3,0.1,0.0,0.3,0.5338579999999999
0.4,0.0,0.0,0.3,0.3,0.0,0.421417
0.4,0.5,0.0,0.0,0.0,0.1,0.621082
0.8,0.1,0.0,0.1,0.0,0.0,0.555726
0.5,0.1,0.0,0.3,0.1,0.0,0.485846
0.2,0.0,0.3,0.0,0.1,0.4,0.503053
0.5,0.1,0.0,0.0,0.1,0.3,0.471985
0.3,0.3,0.0,0.1,0.3,0.0,0.4523899999999999
0.0,0.0,0.0,0.3,0.6,0.1,0.420927
0.2,0.0,0.2,0.3,0.3,0.0,0.407269
0.3,0.6,0.0,0.0,0.1,0.0,0.4966489999999999
0.0,0.5,0.0,0.4,0.1,0.0,0.513596
0.1,0.3,0.0,0.0,0.2,0.4,0.495274
0.5,0.2,0.0,0.0,0.2,0.1,0.4873119999999999
0.0,0.0,0.0,0.3,0.2,0.5,0.4402779999999999
0.7,0.3,0.0,0.0,0.0,0.0,0.486455
0.1,0.5,0.0,0.1,0.3,0.0,0.475406
0.2,0.7,0.0,0.1,0.0,0.0,0.517897
0.7,0.0,0.0,0.3,0.0,0.0,0.503641
0.0,0.0,0.1,0.3,0.6,0.0,0.428824
0.0,0.6,0.0,0.0,0.0,0.4,0.527413
0.0,0.3,0.0,0.6,0.1,0.0,0.448107
0.1,0.0,0.3,0.0,0.1,0.5,0.478438
0.0,0.2,0.1,0.0,0.3,0.4,0.4844859999999999
0.1,0.0,0.1,0.0,0.7,0.1,0.464095
0.2,0.6,0.0,0.1,0.1,0.0,0.48548
0.0,0.4,0.3,0.0,0.3,0.0,0.467991
0.2,0.0,0.0,0.7,0.0,0.1,0.438259
0.3,0.0,0.3,0.0,0.0,0.4,0.532611
0.0,0.1,0.0,0.2,0.4,0.3,0.468734
0.0,0.2,0.0,0.0,0.1,0.7,0.501292
0.4,0.0,0.2,0.1,0.0,0.3,0.53213
0.0,0.0,0.0,0.5,0.3,0.2,0.422967
0.1,0.1,0.0,0.3,0.0,0.5,0.468113
0.0,0.1,0.6,0.2,0.1,0.0,0.4792
0.1,0.1,0.0,0.2,0.0,0.6,0.508995
0.3,0.3,0.0,0.0,0.1,0.3,0.510626
0.1,0.0,0.2,0.4,0.0,0.3,0.4830899999999999
0.0,0.4,0.1,0.0,0.3,0.2,0.478583
0.0,0.4,0.1,0.2,0.0,0.3,0.490234
0.2,0.1,0.6,0.0,0.0,0.1,0.5272560000000001
0.1,0.0,0.6,0.2,0.1,0.0,0.482921
0.0,0.5,0.0,0.0,0.3,0.2,0.46857
0.5,0.0,0.0,0.1,0.4,0.0,0.42858
0.3,0.0,0.0,0.2,0.4,0.1,0.39775
0.0,0.0,0.2,0.7,0.1,0.0,0.418159
0.0,0.4,0.1,0.0,0.4,0.1,0.4642779999999999
0.0,0.1,0.3,0.5,0.1,0.0,0.4246609999999999
0.0,0.2,0.0,0.4,0.0,0.4,0.486903
0.0,0.2,0.7,0.0,0.1,0.0,0.480368
0.0,0.2,0.7,0.0,0.0,0.1,0.4997029999999999
0.2,0.5,0.0,0.0,0.2,0.1,0.497446
0.1,0.0,0.4,0.0,0.0,0.5,0.540776
0.0,0.3,0.0,0.4,0.1,0.2,0.476681
0.5,0.1,0.2,0.2,0.0,0.0,0.536881
0.0,0.0,0.0,0.7,0.1,0.2,0.410116
0.1,0.8,0.0,0.0,0.1,0.0,0.502275
0.0,0.4,0.2,0.3,0.1,0.0,0.472539
0.0,0.3,0.2,0.0,0.4,0.1,0.437497
0.3,0.0,0.4,0.1,0.2,0.0,0.435318
0.0,0.0,0.5,0.4,0.1,0.0,0.435689
0.0,0.6,0.1,0.2,0.0,0.1,0.510675
0.0,0.2,0.1,0.4,0.3,0.0,0.424
0.4,0.1,0.3,0.2,0.0,0.0,0.5073489999999999
0.3,0.0,0.3,0.1,0.0,0.3,0.509058
0.4,0.0,0.0,0.4,0.1,0.1,0.427581
0.2,0.1,0.0,0.1,0.6,0.0,0.433951
0.1,0.0,0.7,0.0,0.1,0.1,0.474451
0.7,0.1,0.0,0.0,0.1,0.1,0.4762909999999999
0.4,0.0,0.2,0.3,0.1,0.0,0.429764
0.5,0.0,0.0,0.0,0.0,0.5,0.5299590000000001
0.3,0.0,0.0,0.0,0.1,0.6,0.4625579999999999
0.3,0.0,0.0,0.0,0.3,0.4,0.445356
0.2,0.2,0.3,0.0,0.3,0.0,0.446495
0.5,0.1,0.3,0.0,0.1,0.0,0.494135
0.0,0.0,0.2,0.3,0.0,0.5,0.489743
0.0,0.4,0.5,0.1,0.0,0.0,0.536619
0.0,0.3,0.1,0.5,0.0,0.1,0.45135
0.0,0.1,0.3,0.6,0.0,0.0,0.430414
0.1,0.0,0.0,0.3,0.5,0.1,0.414597
0.0,0.4,0.3,0.1,0.0,0.2,0.500521
0.1,0.1,0.0,0.4,0.4,0.0,0.407839
0.1,0.0,0.0,0.5,0.2,0.2,0.401866
0.0,0.5,0.3,0.0,0.0,0.2,0.531698
0.2,0.0,0.0,0.1,0.1,0.6,0.452954
0.3,0.0,0.0,0.2,0.0,0.5,0.5039140000000001
0.0,0.0,0.2,0.5,0.0,0.3,0.467538
0.0,0.2,0.3,0.1,0.4,0.0,0.461352
0.0,0.4,0.2,0.0,0.1,0.3,0.479162
0.1,0.2,0.0,0.2,0.5,0.0,0.439452
0.0,0.5,0.0,0.0,0.1,0.4,0.484513
0.0,0.1,0.2,0.7,0.0,0.0,0.437863
0.0,0.2,0.0,0.1,0.2,0.5,0.4855399999999999
0.3,0.0,0.6,0.0,0.1,0.0,0.477834
0.1,0.0,0.7,0.2,0.0,0.0,0.468336
0.0,0.1,0.2,0.0,0.0,0.7,0.513051
0.3,0.4,0.3,0.0,0.0,0.0,0.533748
0.0,0.0,0.0,0.0,0.7,0.3,0.457697
0.0,0.0,0.5,0.0,0.2,0.3,0.480162
0.4,0.3,0.3,0.0,0.0,0.0,0.5697220000000001
0.6,0.0,0.2,0.1,0.0,0.1,0.493108
0.0,0.1,0.0,0.5,0.3,0.1,0.42011
0.0,0.1,0.0,0.1,0.7,0.1,0.4692909999999999
0.0,0.4,0.0,0.0,0.4,0.2,0.495776
0.2,0.0,0.1,0.1,0.0,0.6,0.497696
0.5,0.0,0.0,0.3,0.1,0.1,0.463481
0.0,0.6,0.1,0.2,0.1,0.0,0.484335
0.0,0.1,0.3,0.2,0.4,0.0,0.452
0.0,0.3,0.1,0.1,0.5,0.0,0.429659
0.0,0.1,0.5,0.0,0.0,0.4,0.492539
0.3,0.3,0.0,0.2,0.2,0.0,0.460373
0.1,0.2,0.1,0.0,0.6,0.0,0.443788
0.0,0.8,0.1,0.0,0.1,0.0,0.552502
0.1,0.7,0.0,0.0,0.0,0.2,0.5502640000000001
0.4,0.0,0.1,0.2,0.0,0.3,0.493929
0.4,0.3,0.0,0.1,0.0,0.2,0.510973
0.0,0.0,0.2,0.3,0.3,0.2,0.465567
0.1,0.0,0.3,0.0,0.0,0.6,0.602256
0.1,0.6,0.0,0.2,0.0,0.1,0.5260090000000001
0.5,0.2,0.0,0.1,0.0,0.2,0.528521
0.5,0.3,0.0,0.0,0.2,0.0,0.4865779999999999
0.4,0.0,0.4,0.2,0.0,0.0,0.483621
0.3,0.2,0.0,0.3,0.2,0.0,0.454114
0.2,0.3,0.0,0.4,0.0,0.1,0.5087430000000001
0.0,0.1,0.1,0.5,0.0,0.3,0.4937539999999999
0.2,0.3,0.0,0.3,0.0,0.2,0.500016
0.6,0.0,0.0,0.1,0.3,0.0,0.451543
0.0,0.3,0.4,0.1,0.0,0.2,0.54848
0.0,0.1,0.0,0.3,0.0,0.6,0.5129819999999999
0.3,0.1,0.3,0.3,0.0,0.0,0.471609
0.0,0.0,0.2,0.1,0.7,0.0,0.437892
0.0,0.1,0.4,0.3,0.2,0.0,0.480831
0.0,0.7,0.1,0.1,0.0,0.1,0.52818
0.3,0.1,0.5,0.0,0.1,0.0,0.499539
0.1,0.1,0.2,0.0,0.0,0.6,0.532561
0.2,0.0,0.5,0.2,0.0,0.1,0.4860279999999999
0.0,0.0,0.2,0.1,0.5,0.2,0.461434
0.0,0.5,0.3,0.0,0.1,0.1,0.474498
0.1,0.2,0.7,0.0,0.0,0.0,0.505947
0.1,0.1,0.4,0.0,0.0,0.4,0.5278579999999999
0.1,0.0,0.5,0.2,0.2,0.0,0.460493
0.1,0.0,0.2,0.0,0.6,0.1,0.463142
0.4,0.1,0.2,0.3,0.0,0.0,0.482991
0.0,0.4,0.0,0.3,0.2,0.1,0.472341
0.0,0.0,0.1,0.2,0.3,0.4,0.45471
0.5,0.5,0.0,0.0,0.0,0.0,0.532625
0.1,0.4,0.0,0.0,0.1,0.4,0.508391
0.0,0.4,0.4,0.0,0.2,0.0,0.465394
0.0,0.1,0.4,0.0,0.0,0.5,0.484297
0.0,0.0,0.3,0.0,0.6,0.1,0.45933
0.0,0.3,0.0,0.2,0.3,0.2,0.4521189999999999
0.0,0.1,0.0,0.2,0.3,0.4,0.465757
0.3,0.2,0.1,0.4,0.0,0.0,0.475587
0.0,0.2,0.5,0.0,0.1,0.2,0.50776
0.0,0.0,0.3,0.2,0.4,0.1,0.465943
0.4,0.3,0.2,0.1,0.0,0.0,0.495562
0.1,0.0,0.1,0.0,0.6,0.2,0.460593
0.0,0.0,0.1,0.1,0.3,0.5,0.4540659999999999
0.0,0.2,0.0,0.3,0.4,0.1,0.4508479999999999
0.7,0.2,0.0,0.0,0.0,0.1,0.500699
0.1,0.1,0.2,0.6,0.0,0.0,0.429121
0.1,0.5,0.0,0.3,0.1,0.0,0.492911
0.2,0.5,0.0,0.0,0.1,0.2,0.506686
0.3,0.0,0.0,0.0,0.2,0.5,0.463555
0.2,0.0,0.0,0.1,0.7,0.0,0.425492
0.6,0.3,0.1,0.0,0.0,0.0,0.519897
0.7,0.1,0.1,0.0,0.0,0.1,0.5098
0.3,0.0,0.4,0.2,0.1,0.0,0.4630109999999999
0.3,0.5,0.1,0.0,0.0,0.1,0.528384
0.0,0.0,0.2,0.4,0.3,0.1,0.479892
0.7,0.2,0.0,0.0,0.1,0.0,0.502583
0.0,0.0,0.2,0.1,0.1,0.6,0.465726
0.0,0.1,0.0,0.3,0.1,0.5,0.465414
0.5,0.0,0.1,0.2,0.2,0.0,0.421779
0.0,0.1,0.2,0.1,0.6,0.0,0.454183
0.0,0.1,0.5,0.0,0.1,0.3,0.501787
0.0,0.0,0.4,0.0,0.3,0.3,0.473804
0.0,0.1,0.2,0.0,0.4,0.3,0.465768
0.0,0.2,0.2,0.3,0.3,0.0,0.421627
0.0,0.0,0.0,0.1,0.2,0.7,0.440117
0.0,0.0,0.7,0.0,0.0,0.3,0.516262
0.0,0.0,0.3,0.3,0.2,0.2,0.4817939999999999
0.0,0.1,0.6,0.3,0.0,0.0,0.498451
0.1,0.0,0.6,0.2,0.0,0.1,0.502042
0.6,0.1,0.1,0.0,0.0,0.2,0.531196
0.1,0.3,0.3,0.3,0.0,0.0,0.493989
0.3,0.0,0.4,0.3,0.0,0.0,0.4616909999999999
0.0,0.0,0.4,0.2,0.3,0.1,0.473097
0.4,0.0,0.1,0.0,0.0,0.5,0.5592630000000001
0.0,0.2,0.3,0.3,0.0,0.2,0.518189
0.0,0.3,0.0,0.0,0.5,0.2,0.495672
0.0,0.4,0.2,0.1,0.0,0.3,0.522241
0.6,0.1,0.1,0.2,0.0,0.0,0.48098
0.0,0.0,0.0,0.2,0.7,0.1,0.449403
0.0,0.7,0.0,0.0,0.0,0.3,0.541716
0.2,0.3,0.4,0.0,0.1,0.0,0.502553
0.0,0.2,0.3,0.0,0.2,0.3,0.502325
0.0,0.0,0.1,0.1,0.0,0.8,0.494006
0.0,0.0,0.2,0.7,0.0,0.1,0.444909
0.8,0.0,0.0,0.1,0.1,0.0,0.45658
0.0,0.0,0.0,0.2,0.1,0.7,0.427506
0.0,0.0,0.4,0.0,0.4,0.2,0.468635
0.0,0.0,0.3,0.7,0.0,0.0,0.457373
0.0,0.0,0.1,0.7,0.1,0.1,0.4180609999999999
0.1,0.1,0.1,0.0,0.0,0.7,0.5214479999999999
0.0,0.2,0.3,0.2,0.3,0.0,0.45907
0.0,0.0,0.7,0.1,0.2,0.0,0.458276
0.4,0.0,0.4,0.0,0.1,0.1,0.4903369999999999
0.1,0.0,0.2,0.5,0.0,0.2,0.463917
0.5,0.0,0.3,0.0,0.2,0.0,0.4561939999999999
0.0,0.6,0.1,0.1,0.2,0.0,0.476718
0.0,0.0,0.1,0.1,0.8,0.0,0.43337
0.3,0.1,0.3,0.0,0.3,0.0,0.429345
0.1,0.1,0.0,0.0,0.3,0.5,0.4628
0.0,0.0,0.3,0.0,0.1,0.6,0.45538
0.2,0.0,0.3,0.0,0.5,0.0,0.4498319999999999
0.3,0.4,0.0,0.2,0.0,0.1,0.487843
0.3,0.0,0.3,0.1,0.3,0.0,0.4192869999999999
0.1,0.1,0.2,0.0,0.6,0.0,0.4514729999999999
0.3,0.1,0.0,0.6,0.0,0.0,0.4789569999999999
0.1,0.8,0.0,0.1,0.0,0.0,0.526208
0.5,0.0,0.0,0.3,0.0,0.2,0.4714649999999999
0.6,0.0,0.1,0.0,0.2,0.1,0.458408
0.1,0.0,0.8,0.1,0.0,0.0,0.442575
0.3,0.0,0.0,0.4,0.2,0.1,0.402889
0.5,0.2,0.0,0.0,0.1,0.2,0.517385
0.5,0.4,0.0,0.0,0.0,0.1,0.52598
0.6,0.2,0.0,0.1,0.1,0.0,0.473
0.1,0.1,0.3,0.0,0.5,0.0,0.455709
0.3,0.0,0.0,0.1,0.6,0.0,0.418716
0.4,0.0,0.0,0.2,0.1,0.3,0.441102
0.5,0.3,0.2,0.0,0.0,0.0,0.5678810000000001
0.1,0.8,0.1,0.0,0.0,0.0,0.555615
0.2,0.0,0.7,0.1,0.0,0.0,0.5041859999999999
0.1,0.5,0.0,0.4,0.0,0.0,0.500664
0.1,0.1,0.6,0.0,0.2,0.0,0.4715859999999999
0.0,0.1,0.6,0.1,0.0,0.2,0.4559569999999999
0.2,0.0,0.0,0.4,0.4,0.0,0.406485
0.2,0.5,0.0,0.2,0.1,0.0,0.487116
0.1,0.0,0.4,0.0,0.5,0.0,0.454309
0.0,0.0,0.5,0.3,0.0,0.2,0.484847
0.3,0.0,0.1,0.2,0.0,0.4,0.481962
0.1,0.6,0.3,0.0,0.0,0.0,0.513714
0.0,0.0,0.7,0.3,0.0,0.0,0.483941
0.0,0.3,0.1,0.6,0.0,0.0,0.4636229999999999
0.2,0.0,0.5,0.0,0.0,0.3,0.536992
0.0,0.1,0.0,0.1,0.0,0.8,0.508945
0.0,0.3,0.2,0.3,0.2,0.0,0.421739
0.0,0.0,0.8,0.0,0.1,0.1,0.478099
0.1,0.5,0.0,0.0,0.3,0.1,0.479818
0.6,0.1,0.0,0.0,0.2,0.1,0.4754529999999999
0.0,0.1,0.2,0.0,0.1,0.6,0.482393
0.0,0.1,0.0,0.2,0.2,0.5,0.456849
0.4,0.2,0.0,0.0,0.0,0.4,0.5179819999999999
0.3,0.0,0.0,0.1,0.2,0.4,0.446081
0.0,0.0,0.6,0.0,0.4,0.0,0.4613859999999999
0.0,0.6,0.2,0.0,0.1,0.1,0.474958
0.0,0.2,0.0,0.5,0.3,0.0,0.431951
0.1,0.7,0.0,0.2,0.0,0.0,0.590337
0.4,0.4,0.1,0.1,0.0,0.0,0.566515
0.4,0.0,0.2,0.4,0.0,0.0,0.464016
0.3,0.0,0.0,0.1,0.0,0.6,0.501881
0.0,0.0,0.0,0.0,0.9,0.1,0.4554399999999999
0.1,0.0,0.5,0.3,0.0,0.1,0.455414
0.0,0.0,0.4,0.5,0.0,0.1,0.482827
0.1,0.4,0.0,0.0,0.4,0.1,0.472647
0.0,0.3,0.4,0.0,0.2,0.1,0.4786439999999999
0.1,0.4,0.2,0.3,0.0,0.0,0.524609
0.1,0.2,0.1,0.6,0.0,0.0,0.465116
0.1,0.3,0.0,0.0,0.1,0.5,0.507266
0.0,0.2,0.5,0.1,0.0,0.2,0.507382
0.0,0.5,0.1,0.2,0.0,0.2,0.504228
0.2,0.1,0.2,0.5,0.0,0.0,0.4462779999999999
0.1,0.3,0.2,0.0,0.0,0.4,0.4984949999999999
0.1,0.0,0.0,0.0,0.2,0.7,0.44606
0.3,0.3,0.0,0.3,0.0,0.1,0.4986489999999999
0.0,0.5,0.0,0.2,0.0,0.3,0.492013
0.0,0.0,0.1,0.6,0.2,0.1,0.4275279999999999
0.0,0.0,0.2,0.3,0.2,0.3,0.474706
0.4,0.2,0.0,0.3,0.0,0.1,0.480182
0.0,0.2,0.0,0.3,0.3,0.2,0.429317
0.1,0.0,0.0,0.1,0.3,0.5,0.44811
0.5,0.0,0.2,0.0,0.0,0.3,0.527105
0.0,0.2,0.3,0.0,0.3,0.2,0.497324
0.2,0.1,0.0,0.6,0.0,0.1,0.468814
0.0,0.0,0.5,0.3,0.2,0.0,0.467667
0.1,0.4,0.0,0.3,0.2,0.0,0.4640899999999999
0.5,0.0,0.0,0.0,0.1,0.4,0.455491
0.7,0.0,0.0,0.2,0.1,0.0,0.4677989999999999
0.2,0.0,0.1,0.3,0.0,0.4,0.4828979999999999
0.0,0.0,0.3,0.1,0.0,0.6,0.47476
0.2,0.5,0.0,0.2,0.0,0.1,0.534111
0.3,0.3,0.1,0.0,0.0,0.3,0.4997899999999999
0.0,0.1,0.0,0.8,0.1,0.0,0.423407
0.0,0.1,0.7,0.1,0.1,0.0,0.4823479999999999
0.0,0.0,0.6,0.1,0.0,0.3,0.4796189999999999
0.4,0.0,0.2,0.1,0.3,0.0,0.41452
0.2,0.0,0.1,0.3,0.4,0.0,0.412386
0.3,0.0,0.3,0.0,0.2,0.2,0.479488
0.0,0.1,0.4,0.5,0.0,0.0,0.454897
0.0,0.0,0.2,0.0,0.3,0.5,0.461084
0.4,0.1,0.0,0.1,0.0,0.4,0.496174
0.0,0.2,0.0,0.3,0.5,0.0,0.425085
0.2,0.0,0.5,0.1,0.0,0.2,0.489039
0.0,0.0,0.1,0.4,0.2,0.3,0.45308
0.0,0.0,0.2,0.0,0.7,0.1,0.4647729999999999
0.0,0.2,0.1,0.5,0.0,0.2,0.474564
0.2,0.2,0.0,0.3,0.0,0.3,0.5081060000000001
0.0,0.1,0.2,0.0,0.7,0.0,0.471815
0.7,0.0,0.2,0.0,0.0,0.1,0.576554
0.2,0.3,0.4,0.1,0.0,0.0,0.518155
0.1,0.6,0.0,0.0,0.1,0.2,0.511599
0.2,0.1,0.5,0.2,0.0,0.0,0.4927069999999999
0.4,0.2,0.3,0.1,0.0,0.0,0.497471
0.2,0.0,0.0,0.1,0.6,0.1,0.403032
0.3,0.0,0.0,0.1,0.3,0.3,0.407379
0.3,0.7,0.0,0.0,0.0,0.0,0.6012810000000001
0.0,0.3,0.0,0.2,0.1,0.4,0.541343
0.3,0.6,0.0,0.0,0.0,0.1,0.5567850000000001
0.1,0.0,0.1,0.0,0.4,0.4,0.4675979999999999
0.0,0.4,0.1,0.4,0.0,0.1,0.50559
0.0,0.4,0.0,0.2,0.1,0.3,0.514502
0.6,0.1,0.0,0.3,0.0,0.0,0.536389
0.0,0.1,0.1,0.8,0.0,0.0,0.4382689999999999
0.0,0.2,0.0,0.3,0.0,0.5,0.576711
0.3,0.3,0.0,0.4,0.0,0.0,0.490584
0.0,0.0,0.9,0.0,0.1,0.0,0.454418
0.0,0.3,0.0,0.2,0.0,0.5,0.565188
0.2,0.2,0.0,0.5,0.0,0.1,0.467704
0.5,0.1,0.0,0.0,0.3,0.1,0.452596
0.0,0.2,0.0,0.2,0.1,0.5,0.5094029999999999
0.0,0.3,0.1,0.4,0.0,0.2,0.520459
0.1,0.1,0.5,0.0,0.0,0.3,0.522425
0.0,0.0,0.0,0.2,0.3,0.5,0.4483399999999999
0.0,0.5,0.1,0.2,0.2,0.0,0.459522
0.4,0.2,0.0,0.1,0.0,0.3,0.500232
0.0,0.3,0.0,0.2,0.2,0.3,0.4709489999999999
0.1,0.5,0.0,0.2,0.2,0.0,0.46256
0.3,0.2,0.2,0.0,0.0,0.3,0.496733
0.0,0.4,0.2,0.0,0.4,0.0,0.454952
0.5,0.4,0.0,0.0,0.1,0.0,0.521084
0.3,0.3,0.2,0.2,0.0,0.0,0.527311
0.2,0.2,0.1,0.5,0.0,0.0,0.468114
0.1,0.0,0.5,0.2,0.0,0.2,0.4598029999999999
0.3,0.1,0.0,0.0,0.2,0.4,0.461347
0.1,0.0,0.2,0.0,0.1,0.6,0.476952
0.2,0.0,0.5,0.3,0.0,0.0,0.486406
0.6,0.0,0.1,0.0,0.0,0.3,0.597196
0.1,0.7,0.1,0.0,0.0,0.1,0.603494
0.1,0.5,0.2,0.0,0.0,0.2,0.541405
0.0,0.0,0.4,0.0,0.2,0.4,0.478828
0.1,0.0,0.3,0.0,0.4,0.2,0.463234
0.1,0.0,0.0,0.2,0.6,0.1,0.431151
0.0,0.1,0.2,0.0,0.2,0.5,0.485195
0.0,0.1,0.3,0.3,0.0,0.3,0.538464
0.0,0.1,0.6,0.0,0.0,0.3,0.531878
0.0,0.2,0.1,0.0,0.0,0.7,0.500536
0.5,0.0,0.0,0.4,0.1,0.0,0.445716
0.2,0.0,0.4,0.4,0.0,0.0,0.437005
0.4,0.0,0.2,0.0,0.1,0.3,0.478563
0.0,0.7,0.0,0.0,0.2,0.1,0.500193
0.2,0.0,0.1,0.0,0.0,0.7,0.520714
0.0,0.2,0.0,0.0,0.7,0.1,0.483334
0.9,0.1,0.0,0.0,0.0,0.0,0.592546
0.0,0.5,0.0,0.0,0.0,0.5,0.549953
0.0,0.2,0.0,0.1,0.6,0.1,0.453352
0.0,0.0,0.0,0.4,0.1,0.5,0.436964
0.0,0.0,0.0,0.2,0.5,0.3,0.448135
0.4,0.2,0.3,0.0,0.1,0.0,0.4877689999999999
0.2,0.0,0.0,0.0,0.1,0.7,0.468922
0.0,0.2,0.4,0.4,0.0,0.0,0.457049
0.0,0.1,0.5,0.2,0.2,0.0,0.4796439999999999
0.0,0.3,0.1,0.3,0.0,0.3,0.504957
0.1,0.0,0.2,0.3,0.4,0.0,0.424012
0.5,0.2,0.0,0.3,0.0,0.0,0.513822
0.0,0.1,0.1,0.4,0.4,0.0,0.434154
0.2,0.5,0.2,0.1,0.0,0.0,0.528608
0.0,0.0,0.2,0.1,0.3,0.4,0.457349
0.2,0.6,0.1,0.1,0.0,0.0,0.587707
0.1,0.2,0.0,0.7,0.0,0.0,0.490852
0.0,0.3,0.2,0.1,0.0,0.4,0.5857600000000001
0.4,0.0,0.3,0.1,0.0,0.2,0.5496310000000001
0.0,0.3,0.1,0.0,0.2,0.4,0.48943
0.4,0.1,0.0,0.3,0.0,0.2,0.494349
0.0,0.6,0.0,0.0,0.1,0.3,0.49188
0.0,0.7,0.3,0.0,0.0,0.0,0.505228
0.1,0.0,0.0,0.8,0.1,0.0,0.408578
0.1,0.0,0.3,0.5,0.1,0.0,0.409148
0.1,0.0,0.7,0.0,0.2,0.0,0.464955
0.1,0.0,0.2,0.4,0.3,0.0,0.417817
0.0,0.1,0.1,0.2,0.0,0.6,0.50908
0.1,0.0,0.0,0.1,0.7,0.1,0.45024
0.7,0.0,0.0,0.1,0.2,0.0,0.462018
0.1,0.6,0.0,0.1,0.0,0.2,0.514219
0.0,0.4,0.1,0.0,0.2,0.3,0.502514
0.0,0.6,0.0,0.0,0.4,0.0,0.472787
0.1,0.1,0.0,0.5,0.3,0.0,0.411412
0.3,0.0,0.2,0.0,0.5,0.0,0.4392529999999999
0.6,0.0,0.0,0.1,0.1,0.2,0.478548
0.5,0.2,0.2,0.0,0.0,0.1,0.517159
0.3,0.0,0.4,0.1,0.0,0.2,0.5077119999999999
0.1,0.2,0.0,0.6,0.0,0.1,0.4799989999999999
0.3,0.0,0.0,0.0,0.7,0.0,0.4392029999999999
0.0,0.9,0.0,0.1,0.0,0.0,0.509632
0.0,0.3,0.3,0.2,0.2,0.0,0.457708
0.0,0.5,0.3,0.1,0.0,0.1,0.499291
0.1,0.0,0.1,0.7,0.1,0.0,0.408617
0.0,0.1,0.1,0.0,0.5,0.3,0.463754
0.4,0.3,0.0,0.1,0.2,0.0,0.4706939999999999
0.5,0.0,0.5,0.0,0.0,0.0,0.509016
0.0,0.3,0.6,0.0,0.0,0.1,0.5459579999999999
0.0,0.3,0.1,0.0,0.0,0.6,0.602445
0.3,0.0,0.4,0.2,0.0,0.1,0.510877
0.5,0.1,0.0,0.4,0.0,0.0,0.491351
0.0,0.1,0.4,0.2,0.3,0.0,0.466147
0.2,0.1,0.0,0.7,0.0,0.0,0.4648319999999999
0.0,0.0,0.4,0.0,0.0,0.6,0.554321
0.4,0.1,0.2,0.0,0.0,0.3,0.534818
0.1,0.0,0.0,0.6,0.1,0.2,0.408403
0.3,0.0,0.1,0.0,0.5,0.1,0.44501
0.3,0.3,0.3,0.0,0.1,0.0,0.496461
0.6,0.1,0.0,0.0,0.1,0.2,0.491515
0.3,0.0,0.3,0.0,0.4,0.0,0.446957
0.0,0.5,0.0,0.2,0.1,0.2,0.497446
0.0,0.1,0.5,0.3,0.1,0.0,0.4986239999999999
0.3,0.2,0.0,0.1,0.0,0.4,0.550004
0.0,0.5,0.0,0.4,0.0,0.1,0.518564
0.0,0.0,0.6,0.0,0.0,0.4,0.527806
0.3,0.0,0.4,0.0,0.2,0.1,0.460538
0.3,0.4,0.2,0.1,0.0,0.0,0.501062
0.1,0.7,0.1,0.0,0.1,0.0,0.485313
0.1,0.3,0.1,0.0,0.5,0.0,0.4377819999999999
0.3,0.0,0.5,0.2,0.0,0.0,0.4839029999999999
0.1,0.5,0.2,0.0,0.2,0.0,0.478513
0.0,0.1,0.0,0.8,0.0,0.1,0.450966
0.0,0.0,0.2,0.5,0.3,0.0,0.43898
0.3,0.5,0.1,0.0,0.1,0.0,0.512421
0.0,0.3,0.2,0.0,0.3,0.2,0.4885899999999999
0.0,0.0,0.1,0.2,0.6,0.1,0.445109
0.4,0.0,0.0,0.0,0.3,0.3,0.4255779999999999
0.0,0.4,0.4,0.0,0.0,0.2,0.549142
0.4,0.1,0.3,0.0,0.0,0.2,0.593065
0.0,0.5,0.0,0.3,0.1,0.1,0.493875
0.0,0.4,0.0,0.3,0.1,0.2,0.493093
0.1,0.3,0.5,0.1,0.0,0.0,0.493119
0.0,0.1,0.0,0.2,0.6,0.1,0.457105
0.0,0.0,0.0,0.5,0.0,0.5,0.4813489999999999
0.0,0.1,0.5,0.0,0.3,0.1,0.4650319999999999
0.5,0.0,0.0,0.0,0.2,0.3,0.4537989999999999
0.8,0.0,0.0,0.1,0.0,0.1,0.605721
0.0,0.3,0.7,0.0,0.0,0.0,0.516292
0.0,0.4,0.4,0.1,0.1,0.0,0.479855
0.1,0.4,0.1,0.0,0.4,0.0,0.454883
0.3,0.4,0.0,0.1,0.2,0.0,0.486441
0.0,0.3,0.2,0.0,0.2,0.3,0.473354
0.3,0.0,0.0,0.1,0.5,0.1,0.411908
0.1,0.0,0.5,0.0,0.4,0.0,0.4614069999999999
0.3,0.1,0.0,0.5,0.1,0.0,0.439237
0.4,0.2,0.0,0.1,0.3,0.0,0.4599359999999999
0.5,0.3,0.1,0.0,0.0,0.1,0.555124
0.1,0.5,0.0,0.0,0.0,0.4,0.605036
0.2,0.5,0.1,0.0,0.0,0.2,0.533317
0.0,0.4,0.0,0.1,0.2,0.3,0.500426
0.0,0.3,0.3,0.0,0.1,0.3,0.521598
0.5,0.0,0.1,0.0,0.0,0.4,0.536975
0.0,0.1,0.2,0.0,0.5,0.2,0.4794989999999999
0.0,0.3,0.0,0.3,0.1,0.3,0.4938
0.6,0.1,0.2,0.1,0.0,0.0,0.530307
0.0,0.4,0.0,0.2,0.0,0.4,0.544235
0.0,0.1,0.1,0.7,0.0,0.1,0.442644
0.0,0.1,0.0,0.2,0.5,0.2,0.461366
0.0,0.0,0.0,0.1,0.0,0.9,0.495938
0.1,0.0,0.3,0.3,0.0,0.3,0.495827
0.0,0.2,0.0,0.5,0.2,0.1,0.432921
0.5,0.0,0.4,0.1,0.0,0.0,0.535274
0.0,0.0,0.5,0.0,0.0,0.5,0.487533
0.7,0.0,0.1,0.1,0.1,0.0,0.465442
0.1,0.0,0.3,0.2,0.4,0.0,0.442102
0.0,0.3,0.2,0.2,0.3,0.0,0.423832
0.0,0.1,0.3,0.0,0.5,0.1,0.48935
0.1,0.5,0.1,0.0,0.0,0.3,0.546976
0.0,0.3,0.0,0.1,0.6,0.0,0.46726
0.2,0.7,0.0,0.0,0.1,0.0,0.521835
0.0,0.4,0.2,0.4,0.0,0.0,0.497092
0.2,0.0,0.3,0.2,0.0,0.3,0.521716
0.3,0.3,0.2,0.0,0.2,0.0,0.464539
0.4,0.0,0.0,0.2,0.4,0.0,0.420998
0.1,0.7,0.0,0.1,0.0,0.1,0.503825
0.6,0.0,0.1,0.3,0.0,0.0,0.487551
0.1,0.2,0.0,0.0,0.2,0.5,0.478992
0.0,0.0,0.3,0.0,0.2,0.5,0.478589
0.0,0.0,0.0,0.4,0.4,0.2,0.42749
0.2,0.1,0.0,0.2,0.5,0.0,0.4142939999999999
0.0,0.3,0.2,0.4,0.0,0.1,0.465576
0.0,0.4,0.2,0.0,0.3,0.1,0.454847
0.3,0.0,0.1,0.5,0.1,0.0,0.408781
0.0,0.2,0.1,0.6,0.0,0.1,0.445846
0.5,0.0,0.0,0.1,0.2,0.2,0.438084
0.1,0.0,0.3,0.2,0.0,0.4,0.4901189999999999
0.3,0.2,0.0,0.4,0.0,0.1,0.528977
0.2,0.6,0.0,0.0,0.1,0.1,0.53382
0.3,0.0,0.1,0.1,0.0,0.5,0.541431
0.1,0.3,0.0,0.4,0.0,0.2,0.505796
0.0,0.3,0.0,0.5,0.1,0.1,0.4635039999999999
0.0,0.0,0.8,0.1,0.1,0.0,0.473441
0.5,0.0,0.1,0.0,0.1,0.3,0.48639
0.3,0.0,0.6,0.0,0.0,0.1,0.4752149999999999
0.4,0.0,0.0,0.1,0.3,0.2,0.421684
0.2,0.0,0.0,0.0,0.4,0.4,0.449902
0.6,0.1,0.0,0.0,0.0,0.3,0.485658
0.0,0.1,0.0,0.3,0.3,0.3,0.456476
0.0,0.1,0.0,0.1,0.4,0.4,0.482912
0.4,0.3,0.0,0.0,0.0,0.3,0.541176
0.2,0.1,0.0,0.3,0.4,0.0,0.416917
0.0,0.2,0.0,0.0,0.3,0.5,0.4752159999999999
0.2,0.0,0.2,0.0,0.5,0.1,0.468264
0.0,0.3,0.5,0.1,0.1,0.0,0.484376
0.0,0.2,0.5,0.1,0.2,0.0,0.478597
0.0,0.3,0.0,0.1,0.3,0.3,0.489406
0.4,0.0,0.1,0.5,0.0,0.0,0.456586
0.0,0.4,0.0,0.5,0.0,0.1,0.497564
0.1,0.0,0.5,0.1,0.0,0.3,0.519543
0.0,0.1,0.3,0.1,0.0,0.5,0.510935
0.0,0.5,0.4,0.0,0.0,0.1,0.535658
0.3,0.2,0.0,0.0,0.4,0.1,0.462154
0.2,0.1,0.0,0.4,0.0,0.3,0.4754779999999999
0.2,0.0,0.3,0.3,0.0,0.2,0.489985
0.4,0.0,0.1,0.4,0.1,0.0,0.424937
0.2,0.1,0.6,0.1,0.0,0.0,0.502792
0.0,0.2,0.3,0.0,0.1,0.4,0.484411
0.0,0.1,0.4,0.0,0.2,0.3,0.4933399999999999
0.1,0.1,0.0,0.6,0.0,0.2,0.470327
0.1,0.3,0.0,0.3,0.3,0.0,0.449329
0.2,0.3,0.5,0.0,0.0,0.0,0.504704
0.0,0.3,0.0,0.4,0.3,0.0,0.4470979999999999
0.4,0.0,0.1,0.4,0.0,0.1,0.4509
0.3,0.0,0.0,0.2,0.2,0.3,0.424566
0.2,0.0,0.4,0.0,0.4,0.0,0.450213
0.2,0.0,0.0,0.3,0.5,0.0,0.417707
0.0,0.1,0.0,0.0,0.1,0.8,0.474442
0.0,0.0,0.1,0.0,0.2,0.7,0.445429
0.4,0.1,0.0,0.4,0.1,0.0,0.449981
0.3,0.3,0.0,0.0,0.2,0.2,0.48845
0.0,0.9,0.0,0.0,0.0,0.1,0.597589
0.2,0.6,0.0,0.1,0.0,0.1,0.53693
0.3,0.0,0.6,0.1,0.0,0.0,0.5188229999999999
0.0,0.4,0.0,0.2,0.4,0.0,0.4633739999999999
0.1,0.6,0.2,0.1,0.0,0.0,0.5283140000000001
0.0,0.2,0.0,0.7,0.1,0.0,0.439241
0.3,0.5,0.0,0.0,0.2,0.0,0.472404
0.2,0.1,0.0,0.0,0.5,0.2,0.454692
0.6,0.1,0.0,0.0,0.3,0.0,0.445884
0.1,0.0,0.0,0.1,0.6,0.2,0.437312
0.4,0.3,0.0,0.2,0.0,0.1,0.523359
0.1,0.0,0.4,0.0,0.3,0.2,0.472041
0.0,0.0,0.4,0.3,0.3,0.0,0.458434
0.0,0.3,0.0,0.1,0.2,0.4,0.4977
0.0,0.2,0.0,0.0,0.5,0.3,0.4912939999999999
0.1,0.3,0.0,0.5,0.1,0.0,0.448696
0.0,0.0,0.0,0.4,0.0,0.6,0.471992
0.6,0.3,0.0,0.0,0.1,0.0,0.503406
0.0,0.0,0.1,0.1,0.2,0.6,0.446402
0.0,0.1,0.8,0.1,0.0,0.0,0.5010640000000001
0.4,0.1,0.1,0.0,0.0,0.4,0.55525
0.6,0.0,0.1,0.2,0.1,0.0,0.467058
0.0,0.1,0.2,0.0,0.3,0.4,0.48812
0.0,0.3,0.5,0.0,0.1,0.1,0.490296
0.0,0.0,0.5,0.2,0.1,0.2,0.478054
0.2,0.2,0.5,0.1,0.0,0.0,0.512795
0.1,0.0,0.2,0.0,0.3,0.4,0.473196
0.1,0.0,0.3,0.0,0.6,0.0,0.4517649999999999
0.0,0.0,0.3,0.2,0.5,0.0,0.440588
0.0,0.1,0.2,0.4,0.3,0.0,0.436353
0.2,0.2,0.1,0.0,0.5,0.0,0.426181
0.2,0.4,0.1,0.0,0.0,0.3,0.525688
0.6,0.2,0.0,0.0,0.1,0.1,0.517212
0.0,0.0,0.2,0.3,0.4,0.1,0.4651399999999999
0.0,0.0,0.3,0.4,0.3,0.0,0.456818
0.3,0.4,0.0,0.2,0.1,0.0,0.494452
0.0,0.8,0.0,0.1,0.1,0.0,0.529201
0.3,0.0,0.1,0.0,0.3,0.3,0.471412
0.2,0.0,0.4,0.0,0.1,0.3,0.524108
0.1,0.4,0.4,0.1,0.0,0.0,0.53047
0.3,0.3,0.3,0.1,0.0,0.0,0.5718479999999999
0.0,0.3,0.2,0.0,0.0,0.5,0.500758
0.1,0.0,0.0,0.3,0.6,0.0,0.4241439999999999
0.4,0.1,0.3,0.0,0.2,0.0,0.449788
0.5,0.0,0.1,0.4,0.0,0.0,0.4673229999999999
0.1,0.0,0.1,0.0,0.5,0.3,0.4575979999999999
0.0,0.1,0.0,0.0,0.5,0.4,0.4734489999999999
0.0,0.0,0.6,0.1,0.1,0.2,0.459879
0.0,0.3,0.0,0.3,0.4,0.0,0.439296
0.1,0.0,0.0,0.4,0.4,0.1,0.399748
0.0,0.2,0.4,0.1,0.0,0.3,0.565711
0.1,0.2,0.0,0.5,0.0,0.2,0.522698
0.1,0.3,0.5,0.0,0.0,0.1,0.498584
0.4,0.0,0.2,0.0,0.4,0.0,0.414382
0.0,0.1,0.7,0.2,0.0,0.0,0.477709
0.0,0.0,0.1,0.1,0.5,0.3,0.460338
0.2,0.0,0.6,0.1,0.0,0.1,0.481595
0.2,0.0,0.0,0.1,0.2,0.5,0.447088
0.3,0.0,0.0,0.6,0.0,0.1,0.448748
0.0,0.0,0.1,0.5,0.0,0.4,0.469278
0.4,0.0,0.0,0.1,0.4,0.1,0.41097
0.2,0.5,0.0,0.1,0.2,0.0,0.464912
0.1,0.3,0.6,0.0,0.0,0.0,0.488747
0.5,0.0,0.0,0.5,0.0,0.0,0.474313
0.0,0.1,0.1,0.0,0.3,0.5,0.490581
0.1,0.0,0.5,0.0,0.0,0.4,0.530334
0.0,0.0,0.1,0.4,0.3,0.2,0.4553779999999999
0.1,0.2,0.6,0.1,0.0,0.0,0.526452
0.2,0.3,0.0,0.1,0.0,0.4,0.5079239999999999
0.2,0.1,0.0,0.0,0.7,0.0,0.4368899999999999
0.0,0.0,0.0,0.0,0.6,0.4,0.463213
0.6,0.1,0.0,0.1,0.0,0.2,0.489202
0.2,0.0,0.0,0.7,0.1,0.0,0.414342
0.1,0.7,0.1,0.1,0.0,0.0,0.543567
0.0,0.0,0.0,0.1,0.5,0.4,0.46101
0.0,0.3,0.1,0.1,0.0,0.5,0.5531229999999999
0.5,0.0,0.2,0.3,0.0,0.0,0.497863
0.0,0.4,0.3,0.0,0.1,0.2,0.507101
0.1,0.4,0.0,0.2,0.0,0.3,0.537926
0.7,0.1,0.0,0.0,0.0,0.2,0.535195
0.6,0.4,0.0,0.0,0.0,0.0,0.610908
0.1,0.1,0.0,0.1,0.0,0.7,0.5272439999999999
0.0,0.3,0.4,0.0,0.1,0.2,0.4946359999999999
0.2,0.0,0.0,0.6,0.1,0.1,0.408778
0.1,0.0,0.0,0.7,0.2,0.0,0.4130939999999999
0.5,0.2,0.2,0.1,0.0,0.0,0.516556
0.0,0.0,0.1,0.4,0.1,0.4,0.452314
0.0,0.0,0.0,0.7,0.3,0.0,0.432672
0.0,0.5,0.0,0.0,0.2,0.3,0.499188
0.3,0.3,0.0,0.3,0.1,0.0,0.489127
0.1,0.2,0.6,0.0,0.1,0.0,0.4851109999999999
0.4,0.2,0.1,0.0,0.3,0.0,0.451658
0.5,0.0,0.0,0.0,0.5,0.0,0.42795
0.4,0.0,0.0,0.1,0.0,0.5,0.4996
0.1,0.1,0.7,0.0,0.1,0.0,0.483124
0.4,0.1,0.0,0.3,0.2,0.0,0.441341
0.5,0.0,0.0,0.0,0.3,0.2,0.442521
0.3,0.0,0.2,0.0,0.3,0.2,0.464127
0.0,0.1,0.0,0.1,0.6,0.2,0.470964
0.0,0.2,0.1,0.4,0.0,0.3,0.517949
0.2,0.5,0.1,0.0,0.2,0.0,0.495788
0.0,0.6,0.1,0.1,0.0,0.2,0.482401
0.0,0.3,0.4,0.0,0.3,0.0,0.4459149999999999
0.1,0.2,0.5,0.2,0.0,0.0,0.495888
0.0,0.1,0.0,0.4,0.2,0.3,0.469196
0.0,0.0,0.5,0.0,0.1,0.4,0.475925
0.0,0.0,0.0,0.5,0.5,0.0,0.441375
0.0,0.1,0.1,0.4,0.0,0.4,0.498505
0.1,0.0,0.1,0.2,0.0,0.6,0.487952
0.0,0.1,0.7,0.1,0.0,0.1,0.482535
0.0,0.1,0.5,0.0,0.4,0.0,0.462591
0.1,0.0,0.4,0.4,0.1,0.0,0.42682
0.0,0.3,0.0,0.3,0.3,0.1,0.4522489999999999
0.6,0.3,0.0,0.1,0.0,0.0,0.507498
0.1,0.2,0.0,0.3,0.0,0.4,0.508717
0.3,0.1,0.0,0.1,0.5,0.0,0.4296529999999999
0.1,0.0,0.0,0.3,0.1,0.5,0.44176
0.7,0.0,0.0,0.0,0.1,0.2,0.4872189999999999
0.5,0.0,0.1,0.2,0.0,0.2,0.471927
0.2,0.0,0.1,0.4,0.3,0.0,0.406097
0.0,0.2,0.4,0.1,0.3,0.0,0.470087
0.0,0.2,0.0,0.1,0.0,0.7,0.4951609999999999
0.3,0.0,0.4,0.0,0.3,0.0,0.442302
0.1,0.0,0.5,0.0,0.2,0.2,0.459398
0.0,0.0,0.0,0.1,0.1,0.8,0.454967
0.0,0.7,0.1,0.1,0.1,0.0,0.470364
0.1,0.0,0.0,0.2,0.7,0.0,0.434731
0.8,0.0,0.0,0.0,0.1,0.1,0.5108779999999999
0.3,0.4,0.0,0.0,0.0,0.3,0.540503
0.0,0.1,0.0,0.1,0.2,0.6,0.475469
0.1,0.0,0.2,0.2,0.0,0.5,0.480712
0.5,0.0,0.0,0.1,0.3,0.1,0.427684
0.0,0.1,0.1,0.0,0.6,0.2,0.469992
0.1,0.0,0.3,0.0,0.3,0.3,0.486404
0.4,0.3,0.1,0.0,0.2,0.0,0.467242
0.3,0.0,0.0,0.2,0.5,0.0,0.409436
0.0,0.6,0.3,0.0,0.1,0.0,0.503807
0.4,0.0,0.6,0.0,0.0,0.0,0.500671
0.0,0.2,0.1,0.7,0.0,0.0,0.445831
0.5,0.1,0.0,0.2,0.2,0.0,0.457635
0.0,0.0,0.4,0.3,0.2,0.1,0.477802
0.0,0.2,0.3,0.4,0.1,0.0,0.444792
0.1,0.0,0.0,0.0,0.8,0.1,0.447006
0.8,0.1,0.0,0.0,0.1,0.0,0.496158
0.2,0.3,0.0,0.1,0.4,0.0,0.4459479999999999
0.1,0.0,0.1,0.8,0.0,0.0,0.436391
0.0,0.0,0.6,0.4,0.0,0.0,0.487257
0.1,0.4,0.0,0.4,0.1,0.0,0.4804739999999999
0.1,0.0,0.2,0.0,0.2,0.5,0.4795939999999999
0.0,0.3,0.3,0.0,0.2,0.2,0.497486
0.1,0.4,0.0,0.1,0.0,0.4,0.600978
0.0,0.3,0.6,0.0,0.1,0.0,0.484221
0.2,0.1,0.4,0.3,0.0,0.0,0.48252
0.2,0.2,0.0,0.1,0.0,0.5,0.528759
0.0,0.2,0.2,0.1,0.0,0.5,0.505875
0.0,0.0,0.0,0.5,0.4,0.1,0.405981
0.5,0.0,0.2,0.1,0.0,0.2,0.509306
0.2,0.0,0.1,0.5,0.0,0.2,0.446168
0.2,0.3,0.0,0.5,0.0,0.0,0.482447
0.0,0.1,0.3,0.1,0.5,0.0,0.4714319999999999
0.3,0.2,0.0,0.2,0.0,0.3,0.513513
0.6,0.0,0.0,0.0,0.3,0.1,0.455259
0.2,0.4,0.0,0.0,0.1,0.3,0.49922
0.4,0.0,0.1,0.0,0.2,0.3,0.454578
0.5,0.0,0.1,0.0,0.4,0.0,0.425834
0.2,0.0,0.0,0.2,0.1,0.5,0.442817
0.0,0.2,0.1,0.1,0.0,0.6,0.49687
0.1,0.2,0.0,0.0,0.1,0.6,0.496527
0.0,0.2,0.1,0.0,0.2,0.5,0.5054270000000001
0.2,0.2,0.3,0.0,0.0,0.3,0.492537
0.0,0.0,0.3,0.3,0.1,0.3,0.4662779999999999
0.3,0.0,0.1,0.5,0.0,0.1,0.4369729999999999
0.0,0.3,0.2,0.3,0.0,0.2,0.528957
0.4,0.0,0.1,0.0,0.1,0.4,0.46829
0.0,0.0,0.1,0.3,0.0,0.6,0.473902
0.1,0.0,0.0,0.8,0.0,0.1,0.432106
0.2,0.0,0.1,0.5,0.2,0.0,0.400957
0.0,0.2,0.5,0.0,0.0,0.3,0.574489
0.5,0.4,0.1,0.0,0.0,0.0,0.510469
0.1,0.1,0.6,0.2,0.0,0.0,0.491045
0.0,0.4,0.0,0.1,0.4,0.1,0.471919
0.1,0.2,0.3,0.4,0.0,0.0,0.460684
0.3,0.0,0.1,0.0,0.0,0.6,0.545826
0.2,0.4,0.3,0.0,0.0,0.1,0.507785
0.0,0.1,0.0,0.4,0.1,0.4,0.4529069999999999
0.1,0.0,0.0,0.1,0.1,0.7,0.436676
0.5,0.1,0.1,0.0,0.3,0.0,0.4389149999999999
0.0,0.3,0.6,0.1,0.0,0.0,0.476176
0.0,0.2,0.1,0.0,0.1,0.6,0.493514
0.1,0.3,0.0,0.1,0.0,0.5,0.538846
0.5,0.1,0.2,0.0,0.0,0.2,0.554534
0.4,0.0,0.0,0.2,0.0,0.4,0.4689899999999999
0.0,0.6,0.2,0.1,0.0,0.1,0.528231
0.0,0.0,0.3,0.4,0.2,0.1,0.475918
0.0,0.1,0.2,0.2,0.5,0.0,0.450136
0.0,0.4,0.1,0.0,0.0,0.5,0.5280590000000001
0.3,0.2,0.4,0.0,0.0,0.1,0.503302
0.3,0.0,0.0,0.3,0.3,0.1,0.396478
0.0,0.0,0.0,0.0,0.5,0.5,0.459117
0.0,0.4,0.0,0.4,0.2,0.0,0.472751
0.2,0.5,0.3,0.0,0.0,0.0,0.547272
0.0,0.1,0.1,0.0,0.7,0.1,0.476985
0.0,0.5,0.2,0.0,0.0,0.3,0.564045
0.2,0.1,0.6,0.0,0.1,0.0,0.494828
0.1,0.7,0.2,0.0,0.0,0.0,0.59982
0.3,0.3,0.4,0.0,0.0,0.0,0.586413
0.0,0.0,0.5,0.2,0.0,0.3,0.502236
0.0,0.5,0.0,0.2,0.3,0.0,0.480228
0.3,0.2,0.3,0.2,0.0,0.0,0.498245
0.3,0.1,0.3,0.0,0.0,0.3,0.5672699999999999
0.0,0.6,0.1,0.0,0.0,0.3,0.603965
0.1,0.1,0.0,0.0,0.0,0.8,0.556806
0.2,0.3,0.0,0.0,0.2,0.3,0.4967859999999999
0.1,0.5,0.0,0.0,0.1,0.3,0.508116
0.0,0.1,0.0,0.6,0.0,0.3,0.479201
0.0,0.3,0.5,0.1,0.0,0.1,0.4922289999999999
0.2,0.0,0.0,0.2,0.5,0.1,0.403891
0.2,0.0,0.4,0.1,0.0,0.3,0.552663
0.3,0.0,0.7,0.0,0.0,0.0,0.462502
0.3,0.0,0.0,0.1,0.1,0.5,0.457952
0.2,0.4,0.0,0.4,0.0,0.0,0.509047
0.2,0.1,0.0,0.0,0.4,0.3,0.46498
0.1,0.5,0.1,0.3,0.0,0.0,0.5054649999999999
0.3,0.0,0.2,0.5,0.0,0.0,0.43035
0.0,0.5,0.1,0.0,0.4,0.0,0.460187
0.3,0.0,0.3,0.4,0.0,0.0,0.43182
0.1,0.0,0.0,0.2,0.0,0.7,0.4491159999999999
0.6,0.0,0.1,0.0,0.3,0.0,0.431329
0.2,0.0,0.0,0.4,0.1,0.3,0.409771
0.0,0.0,0.0,0.3,0.4,0.3,0.443877
0.0,0.3,0.1,0.0,0.3,0.3,0.4802
0.3,0.3,0.0,0.0,0.0,0.4,0.51832
0.1,0.0,0.0,0.1,0.2,0.6,0.43717
0.0,0.1,0.0,0.4,0.4,0.1,0.416599
0.4,0.0,0.0,0.3,0.0,0.3,0.427
0.1,0.8,0.0,0.0,0.0,0.1,0.5403439999999999
0.2,0.0,0.0,0.3,0.1,0.4,0.429015
0.4,0.0,0.5,0.1,0.0,0.0,0.4572729999999999
0.6,0.1,0.2,0.0,0.0,0.1,0.526927
0.4,0.4,0.0,0.1,0.1,0.0,0.5095189999999999
0.3,0.2,0.0,0.5,0.0,0.0,0.468168
0.2,0.0,0.0,0.5,0.1,0.2,0.414525
0.6,0.0,0.0,0.4,0.0,0.0,0.499395
0.0,0.5,0.0,0.0,0.4,0.1,0.474577
0.1,0.0,0.0,0.0,0.0,0.9,0.53188
0.2,0.2,0.5,0.0,0.1,0.0,0.501581
0.0,0.0,0.2,0.2,0.3,0.3,0.485884
0.0,0.0,0.5,0.3,0.1,0.1,0.476095
0.0,0.0,0.0,0.4,0.6,0.0,0.439681
0.0,0.3,0.0,0.1,0.1,0.5,0.474236
0.4,0.0,0.1,0.3,0.2,0.0,0.411892
0.1,0.1,0.0,0.0,0.4,0.4,0.4739899999999999
0.0,0.1,0.3,0.4,0.0,0.2,0.5108699999999999
0.3,0.1,0.4,0.2,0.0,0.0,0.4835609999999999
0.0,0.1,0.6,0.0,0.3,0.0,0.4732729999999999
0.2,0.4,0.0,0.0,0.3,0.1,0.484645
0.0,0.5,0.2,0.0,0.2,0.1,0.4687689999999999
0.0,0.0,0.4,0.1,0.5,0.0,0.4495409999999999
0.2,0.0,0.5,0.0,0.3,0.0,0.461768
0.1,0.2,0.4,0.0,0.3,0.0,0.4422109999999999
0.0,0.0,0.1,0.6,0.0,0.3,0.462387
0.1,0.1,0.0,0.0,0.7,0.1,0.464091
0.1,0.0,0.3,0.1,0.0,0.5,0.5029520000000001
0.2,0.1,0.4,0.0,0.0,0.3,0.568155
0.0,0.0,0.2,0.6,0.1,0.1,0.458995
0.1,0.6,0.0,0.0,0.0,0.3,0.5690569999999999
0.1,0.0,0.5,0.1,0.3,0.0,0.46767
0.0,0.0,0.4,0.1,0.0,0.5,0.524717
0.0,0.5,0.1,0.1,0.0,0.3,0.56723
0.3,0.0,0.2,0.2,0.0,0.3,0.490649
0.0,0.0,0.1,0.8,0.0,0.1,0.44095
0.2,0.0,0.0,0.1,0.5,0.2,0.418463
0.0,0.0,0.3,0.5,0.1,0.1,0.471811
0.1,0.4,0.2,0.0,0.3,0.0,0.466813
0.2,0.1,0.2,0.0,0.5,0.0,0.438111
0.1,0.1,0.0,0.3,0.5,0.0,0.42053
0.1,0.3,0.0,0.0,0.3,0.3,0.484863
0.3,0.2,0.2,0.0,0.3,0.0,0.450669
0.1,0.3,0.2,0.4,0.0,0.0,0.479985
0.0,0.0,0.5,0.1,0.4,0.0,0.448204
0.4,0.2,0.4,0.0,0.0,0.0,0.5233
0.0,0.0,0.0,0.4,0.2,0.4,0.43536
0.0,0.2,0.0,0.7,0.0,0.1,0.478105
0.9,0.0,0.0,0.1,0.0,0.0,0.5580579999999999
0.0,0.0,0.1,0.2,0.2,0.5,0.462372
0.0,0.0,0.3,0.3,0.0,0.4,0.462413
0.2,0.0,0.1,0.6,0.1,0.0,0.399815
0.1,0.0,0.1,0.5,0.0,0.3,0.459129
0.0,0.1,0.5,0.0,0.2,0.2,0.4945199999999999
0.0,0.0,0.1,0.0,0.0,0.9,0.5451090000000001
0.0,0.0,0.1,0.2,0.0,0.7,0.466196
0.2,0.4,0.1,0.0,0.3,0.0,0.446244
0.1,0.7,0.0,0.0,0.2,0.0,0.459885
0.0,0.3,0.2,0.1,0.4,0.0,0.434287
0.5,0.3,0.0,0.2,0.0,0.0,0.496264
0.0,0.1,0.2,0.5,0.2,0.0,0.4288979999999999
0.3,0.2,0.0,0.0,0.0,0.5,0.4719399999999999
0.3,0.0,0.0,0.3,0.2,0.2,0.405732
0.2,0.4,0.3,0.0,0.1,0.0,0.500405
0.0,0.0,0.3,0.0,0.7,0.0,0.4476279999999999
0.1,0.0,0.2,0.5,0.2,0.0,0.40609
0.3,0.0,0.0,0.2,0.1,0.4,0.452192
0.2,0.3,0.3,0.0,0.0,0.2,0.5252439999999999
0.3,0.0,0.0,0.0,0.5,0.2,0.429702
0.2,0.3,0.0,0.3,0.2,0.0,0.4529289999999999
0.1,0.2,0.0,0.6,0.1,0.0,0.434332
0.1,0.1,0.4,0.0,0.4,0.0,0.468914
0.1,0.1,0.6,0.0,0.0,0.2,0.557702
0.3,0.5,0.2,0.0,0.0,0.0,0.55606
0.4,0.0,0.3,0.0,0.1,0.2,0.495174
0.5,0.1,0.0,0.2,0.0,0.2,0.486887
0.0,0.1,0.1,0.5,0.3,0.0,0.423609
0.0,0.1,0.0,0.2,0.0,0.7,0.5159090000000001
0.1,0.0,0.0,0.0,0.1,0.8,0.4615859999999999
0.1,0.3,0.2,0.0,0.4,0.0,0.428476
0.0,0.2,0.1,0.5,0.2,0.0,0.413249
0.1,0.2,0.0,0.1,0.6,0.0,0.438249
0.4,0.0,0.1,0.0,0.3,0.2,0.436525
0.2,0.0,0.1,0.7,0.0,0.0,0.432812
0.0,0.0,0.3,0.1,0.4,0.2,0.469879
0.1,0.0,0.1,0.3,0.0,0.5,0.467538
0.3,0.0,0.1,0.1,0.5,0.0,0.4122989999999999
0.2,0.0,0.2,0.0,0.3,0.3,0.465658
0.0,0.3,0.3,0.1,0.3,0.0,0.432052
0.1,0.2,0.0,0.0,0.3,0.4,0.467141
0.0,0.1,0.3,0.0,0.2,0.4,0.485951
0.5,0.0,0.1,0.3,0.1,0.0,0.4473649999999999
0.0,0.1,0.4,0.0,0.4,0.1,0.493339
0.2,0.2,0.1,0.0,0.0,0.5,0.57211
0.1,0.0,0.4,0.2,0.3,0.0,0.455021
0.0,0.3,0.3,0.4,0.0,0.0,0.4733449999999999
0.0,0.7,0.0,0.0,0.1,0.2,0.500725
0.2,0.0,0.3,0.0,0.4,0.1,0.466967
0.0,0.0,0.2,0.5,0.1,0.2,0.465974
0.1,0.6,0.0,0.2,0.1,0.0,0.519467
0.0,0.4,0.3,0.3,0.0,0.0,0.528556
0.4,0.2,0.1,0.0,0.0,0.3,0.5324840000000001
0.1,0.0,0.0,0.6,0.3,0.0,0.413204
0.5,0.1,0.0,0.0,0.2,0.2,0.452889
0.2,0.0,0.2,0.0,0.1,0.5,0.4864989999999999
0.4,0.0,0.2,0.0,0.3,0.1,0.44309
0.7,0.0,0.1,0.0,0.1,0.1,0.476937
0.2,0.0,0.0,0.5,0.2,0.1,0.406817
0.0,0.4,0.0,0.1,0.3,0.2,0.49228
0.5,0.0,0.2,0.2,0.0,0.1,0.494507
0.0,0.5,0.4,0.0,0.1,0.0,0.486699
0.3,0.1,0.2,0.4,0.0,0.0,0.471974
0.1,0.2,0.1,0.0,0.0,0.6,0.506679
0.3,0.0,0.0,0.2,0.3,0.2,0.413188
0.1,0.0,0.3,0.5,0.0,0.1,0.442572
0.1,0.5,0.1,0.0,0.3,0.0,0.450863
0.0,0.5,0.4,0.1,0.0,0.0,0.495561
0.2,0.0,0.0,0.1,0.0,0.7,0.525937
0.0,0.4,0.6,0.0,0.0,0.0,0.4883909999999999
0.1,0.0,0.0,0.2,0.3,0.4,0.4513109999999999
0.0,0.4,0.0,0.0,0.0,0.6,0.489351
0.0,0.4,0.1,0.0,0.1,0.4,0.4922689999999999
0.3,0.2,0.4,0.0,0.1,0.0,0.472725
0.2,0.0,0.0,0.3,0.4,0.1,0.4006139999999999
0.0,0.2,0.3,0.3,0.2,0.0,0.455603
0.0,0.2,0.2,0.5,0.1,0.0,0.420266
0.3,0.1,0.1,0.5,0.0,0.0,0.468522
0.2,0.2,0.5,0.0,0.0,0.1,0.580788
0.3,0.5,0.0,0.0,0.0,0.2,0.5917180000000001
0.4,0.3,0.0,0.0,0.1,0.2,0.508121
0.4,0.0,0.3,0.0,0.0,0.3,0.528633
0.1,0.4,0.0,0.0,0.3,0.2,0.470572
0.7,0.0,0.2,0.1,0.0,0.0,0.504437
0.0,0.0,0.1,0.4,0.4,0.1,0.448029
0.2,0.1,0.0,0.5,0.0,0.2,0.464397
0.4,0.4,0.1,0.0,0.0,0.1,0.547557
0.1,0.4,0.5,0.0,0.0,0.0,0.557763
0.4,0.0,0.3,0.2,0.1,0.0,0.446568
0.1,0.0,0.7,0.1,0.0,0.1,0.463814
0.1,0.0,0.0,0.9,0.0,0.0,0.438493
0.0,0.0,0.5,0.0,0.3,0.2,0.4763949999999999
0.0,0.2,0.1,0.0,0.6,0.1,0.478274
0.3,0.0,0.0,0.4,0.3,0.0,0.405911
0.2,0.0,0.0,0.3,0.2,0.3,0.402616
0.3,0.4,0.1,0.2,0.0,0.0,0.51045
0.0,0.3,0.0,0.0,0.3,0.4,0.500271
0.0,0.6,0.0,0.1,0.2,0.1,0.4684029999999999
0.4,0.0,0.0,0.1,0.1,0.4,0.4529319999999999
0.0,0.1,0.0,0.2,0.1,0.6,0.47056
0.1,0.2,0.0,0.3,0.4,0.0,0.42045
0.0,0.2,0.3,0.1,0.0,0.4,0.521837
0.4,0.0,0.0,0.5,0.0,0.1,0.457475
0.1,0.0,0.0,0.2,0.5,0.2,0.417116
0.2,0.3,0.1,0.0,0.0,0.4,0.508548
0.0,0.0,0.1,0.9,0.0,0.0,0.464189
0.5,0.1,0.3,0.1,0.0,0.0,0.583084
0.0,0.4,0.1,0.3,0.0,0.2,0.567367
0.2,0.3,0.0,0.0,0.0,0.5,0.576969
0.1,0.3,0.5,0.0,0.1,0.0,0.497102
0.2,0.0,0.5,0.1,0.2,0.0,0.4668319999999999
0.3,0.4,0.2,0.0,0.1,0.0,0.5004270000000001
0.0,0.0,0.2,0.4,0.4,0.0,0.44117
0.0,0.3,0.1,0.2,0.0,0.4,0.551421
0.1,0.0,0.4,0.4,0.0,0.1,0.445456
0.0,0.6,0.0,0.1,0.1,0.2,0.4935989999999999
0.3,0.1,0.2,0.0,0.4,0.0,0.433958
0.3,0.0,0.3,0.0,0.3,0.1,0.451917
0.4,0.0,0.0,0.4,0.2,0.0,0.424434
0.4,0.3,0.0,0.0,0.3,0.0,0.477806
0.0,0.8,0.1,0.1,0.0,0.0,0.580339
0.0,0.3,0.1,0.0,0.1,0.5,0.476338
0.1,0.1,0.3,0.5,0.0,0.0,0.424242
0.0,0.2,0.2,0.1,0.5,0.0,0.454038
0.2,0.0,0.0,0.0,0.3,0.5,0.455716
0.0,0.1,0.3,0.0,0.1,0.5,0.494784
0.0,0.4,0.0,0.5,0.1,0.0,0.475203
0.6,0.1,0.3,0.0,0.0,0.0,0.5818979999999999
0.1,0.1,0.5,0.3,0.0,0.0,0.464074
0.0,0.0,0.1,0.0,0.3,0.6,0.4420739999999999
0.0,0.7,0.0,0.1,0.2,0.0,0.4701689999999999
0.6,0.2,0.1,0.1,0.0,0.0,0.505074
0.0,0.0,0.3,0.0,0.3,0.4,0.483757
0.6,0.0,0.4,0.0,0.0,0.0,0.482085
0.1,0.0,0.2,0.6,0.1,0.0,0.407738
0.1,0.1,0.0,0.1,0.7,0.0,0.450293
0.0,0.0,0.3,0.4,0.1,0.2,0.4801979999999999
0.5,0.1,0.2,0.0,0.2,0.0,0.467395
0.6,0.0,0.3,0.0,0.1,0.0,0.492067
0.0,0.7,0.2,0.1,0.0,0.0,0.514893
0.1,0.1,0.8,0.0,0.0,0.0,0.523153
0.2,0.4,0.0,0.3,0.0,0.1,0.522989
0.5,0.2,0.0,0.2,0.0,0.1,0.513542
0.3,0.1,0.0,0.3,0.3,0.0,0.426196
0.1,0.0,0.1,0.6,0.0,0.2,0.452266
0.0,0.0,0.4,0.1,0.1,0.4,0.482687
0.1,0.0,0.5,0.0,0.1,0.3,0.4998649999999999
0.1,0.0,0.0,0.3,0.2,0.4,0.435535
0.3,0.0,0.2,0.1,0.4,0.0,0.4265609999999999
0.1,0.1,0.0,0.7,0.0,0.1,0.473435
0.4,0.1,0.4,0.1,0.0,0.0,0.501598
0.2,0.1,0.3,0.0,0.4,0.0,0.4527069999999999
0.1,0.0,0.6,0.0,0.3,0.0,0.461622
0.1,0.0,0.1,0.3,0.5,0.0,0.4232979999999999
0.3,0.1,0.0,0.2,0.4,0.0,0.428354
0.3,0.6,0.1,0.0,0.0,0.0,0.490725
0.2,0.4,0.0,0.1,0.3,0.0,0.4521779999999999
0.1,0.0,0.0,0.2,0.4,0.3,0.435501
0.0,0.4,0.1,0.2,0.3,0.0,0.448409
0.4,0.0,0.3,0.2,0.0,0.1,0.484571
0.1,0.3,0.0,0.1,0.5,0.0,0.445202
0.0,0.2,0.2,0.0,0.1,0.5,0.513825
0.1,0.5,0.0,0.1,0.0,0.3,0.502012
0.1,0.3,0.0,0.0,0.6,0.0,0.4429369999999999
0.5,0.3,0.0,0.0,0.0,0.2,0.521134
0.5,0.0,0.2,0.0,0.2,0.1,0.4553279999999999
0.0,0.0,0.8,0.1,0.0,0.1,0.469207
0.0,0.0,0.9,0.1,0.0,0.0,0.449692
0.4,0.0,0.0,0.1,0.5,0.0,0.429376
0.6,0.0,0.0,0.2,0.1,0.1,0.481756
0.0,0.3,0.5,0.0,0.2,0.0,0.479192
0.4,0.0,0.1,0.1,0.0,0.4,0.548932
0.1,0.6,0.2,0.0,0.1,0.0,0.519994
0.0,0.1,0.1,0.1,0.7,0.0,0.4662479999999999
0.0,0.5,0.1,0.3,0.1,0.0,0.502903
0.0,0.7,0.1,0.0,0.1,0.1,0.535806
0.3,0.3,0.1,0.3,0.0,0.0,0.5529390000000001
0.0,0.1,0.0,0.0,0.0,0.9,0.531608
0.2,0.1,0.1,0.0,0.6,0.0,0.433687
0.0,0.5,0.0,0.1,0.4,0.0,0.461521
0.6,0.1,0.2,0.0,0.1,0.0,0.488656
0.1,0.0,0.4,0.2,0.0,0.3,0.523482
0.0,0.0,0.2,0.0,0.4,0.4,0.4673989999999999
0.1,0.0,0.1,0.0,0.0,0.8,0.5011180000000001
0.1,0.0,0.0,0.4,0.2,0.3,0.410571
0.2,0.3,0.0,0.0,0.5,0.0,0.4457489999999999
0.2,0.0,0.0,0.2,0.3,0.3,0.4297539999999999
0.0,0.0,0.4,0.0,0.1,0.5,0.483008
0.3,0.0,0.1,0.3,0.0,0.3,0.445156
0.0,0.0,0.0,0.9,0.0,0.1,0.4538399999999999
0.1,0.3,0.3,0.0,0.0,0.3,0.520054
0.0,0.0,0.2,0.3,0.5,0.0,0.45063
0.1,0.2,0.0,0.0,0.0,0.7,0.5009899999999999
0.0,0.1,0.1,0.0,0.1,0.7,0.489114
0.1,0.6,0.1,0.0,0.0,0.2,0.502616
0.0,0.0,0.3,0.2,0.1,0.4,0.4866069999999999
0.0,0.0,0.3,0.5,0.2,0.0,0.45676
0.0,0.2,0.2,0.3,0.0,0.3,0.492961
0.2,0.6,0.1,0.0,0.1,0.0,0.5135149999999999
0.0,0.1,0.3,0.5,0.0,0.1,0.493668
0.2,0.4,0.3,0.1,0.0,0.0,0.546948
0.0,0.1,0.0,0.0,0.7,0.2,0.481109
0.1,0.0,0.1,0.0,0.1,0.7,0.479721
0.0,0.9,0.0,0.0,0.1,0.0,0.515008
0.1,0.2,0.0,0.4,0.3,0.0,0.434116
0.0,0.4,0.0,0.0,0.5,0.1,0.469311
0.3,0.0,0.0,0.4,0.1,0.2,0.423054
0.2,0.3,0.0,0.0,0.3,0.2,0.465164
0.0,0.2,0.5,0.2,0.0,0.1,0.5115069999999999
0.2,0.5,0.0,0.0,0.0,0.3,0.5060100000000001
0.0,0.2,0.4,0.0,0.1,0.3,0.519986
0.1,0.7,0.0,0.1,0.1,0.0,0.4753
0.0,0.7,0.1,0.0,0.2,0.0,0.491332
0.3,0.0,0.0,0.5,0.1,0.1,0.4226439999999999
0.0,0.1,0.4,0.4,0.1,0.0,0.4810439999999999
0.4,0.0,0.2,0.0,0.0,0.4,0.590939
0.2,0.0,0.3,0.1,0.0,0.4,0.521567
0.4,0.3,0.0,0.3,0.0,0.0,0.511536
0.0,0.3,0.0,0.0,0.7,0.0,0.465296
0.0,0.1,0.0,0.1,0.1,0.7,0.476245
0.3,0.2,0.5,0.0,0.0,0.0,0.495733
0.1,0.0,0.4,0.5,0.0,0.0,0.432993
0.0,0.0,0.2,0.3,0.1,0.4,0.469504
0.4,0.2,0.1,0.3,0.0,0.0,0.4951899999999999
0.0,0.3,0.0,0.5,0.0,0.2,0.484732
0.1,0.0,0.4,0.0,0.4,0.1,0.479321
0.1,0.2,0.0,0.0,0.5,0.2,0.4804479999999999
0.5,0.2,0.0,0.1,0.2,0.0,0.474566
0.5,0.0,0.0,0.2,0.3,0.0,0.430465
0.5,0.4,0.0,0.1,0.0,0.0,0.4781689999999999
0.4,0.0,0.2,0.3,0.0,0.1,0.476916
0.0,0.3,0.1,0.0,0.5,0.1,0.479419
0.2,0.3,0.3,0.2,0.0,0.0,0.528134
0.1,0.2,0.4,0.0,0.0,0.3,0.552087
0.3,0.1,0.0,0.0,0.0,0.6,0.5433140000000001
0.0,0.5,0.0,0.5,0.0,0.0,0.52509
0.0,0.3,0.2,0.0,0.5,0.0,0.452564
0.0,0.0,0.4,0.3,0.1,0.2,0.486332
0.2,0.4,0.0,0.0,0.4,0.0,0.4687949999999999
0.0,0.0,0.6,0.0,0.3,0.1,0.481084
0.1,0.5,0.3,0.0,0.1,0.0,0.499096
0.0,0.2,0.0,0.1,0.1,0.6,0.4995479999999999
0.7,0.0,0.0,0.1,0.1,0.1,0.472995
0.0,0.2,0.1,0.1,0.6,0.0,0.4485439999999999
0.2,0.0,0.6,0.1,0.1,0.0,0.4733779999999999
0.0,0.2,0.0,0.4,0.1,0.3,0.445268
0.0,0.2,0.6,0.1,0.1,0.0,0.471355
0.4,0.0,0.0,0.5,0.1,0.0,0.438509
0.0,0.1,0.5,0.2,0.0,0.2,0.47906
0.1,0.6,0.0,0.0,0.3,0.0,0.471346
0.0,0.0,0.0,0.0,0.1,0.9,0.464222
0.4,0.0,0.1,0.1,0.4,0.0,0.418745
0.7,0.0,0.0,0.2,0.0,0.1,0.475649
0.2,0.0,0.3,0.4,0.1,0.0,0.418691
0.1,0.7,0.0,0.0,0.1,0.1,0.510584
0.0,0.7,0.0,0.0,0.3,0.0,0.4813
0.0,0.8,0.1,0.0,0.0,0.1,0.498035
0.0,0.1,0.0,0.3,0.2,0.4,0.480842
0.4,0.6,0.0,0.0,0.0,0.0,0.487651
0.0,0.4,0.1,0.3,0.2,0.0,0.440611
0.3,0.0,0.0,0.3,0.1,0.3,0.4265569999999999
0.6,0.0,0.3,0.0,0.0,0.1,0.5173909999999999
0.1,0.0,0.2,0.1,0.0,0.6,0.505205
0.1,0.2,0.0,0.1,0.0,0.6,0.549608
0.4,0.0,0.4,0.0,0.2,0.0,0.450942
0.1,0.4,0.3,0.0,0.2,0.0,0.4696359999999999
0.5,0.2,0.1,0.0,0.0,0.2,0.5270100000000001
0.0,0.3,0.0,0.1,0.5,0.1,0.462445
0.0,0.0,0.4,0.4,0.2,0.0,0.468997
0.4,0.0,0.1,0.0,0.4,0.1,0.430109
0.0,0.1,0.0,0.4,0.5,0.0,0.4387609999999999
0.0,0.2,0.3,0.0,0.0,0.5,0.52394
0.0,0.0,0.3,0.1,0.6,0.0,0.4559479999999999
0.0,0.0,0.2,0.1,0.0,0.7,0.453975
0.1,0.0,0.1,0.5,0.3,0.0,0.420067
0.0,0.1,0.0,0.0,0.8,0.1,0.4689069999999999
0.2,0.4,0.4,0.0,0.0,0.0,0.523962
0.0,0.1,0.3,0.2,0.0,0.4,0.53308
0.0,0.3,0.4,0.0,0.0,0.3,0.54773
0.0,0.0,0.3,0.1,0.5,0.1,0.478396
0.0,0.6,0.0,0.3,0.1,0.0,0.510962
0.7,0.1,0.0,0.1,0.0,0.1,0.5330779999999999
0.0,0.3,0.5,0.0,0.0,0.2,0.539864
0.0,0.0,0.0,0.7,0.0,0.3,0.465856
0.0,0.4,0.0,0.3,0.3,0.0,0.465709
0.1,0.0,0.0,0.1,0.5,0.3,0.450285
0.1,0.0,0.3,0.1,0.5,0.0,0.463525
0.0,0.0,0.0,0.1,0.6,0.3,0.454529
0.0,0.5,0.3,0.1,0.1,0.0,0.4851899999999999
0.4,0.4,0.0,0.1,0.0,0.1,0.542918
0.0,0.5,0.3,0.0,0.2,0.0,0.480868
0.0,0.5,0.5,0.0,0.0,0.0,0.5141060000000001
0.0,0.0,0.0,0.3,0.1,0.6,0.440831
0.3,0.2,0.0,0.4,0.1,0.0,0.467158
0.5,0.3,0.0,0.1,0.0,0.1,0.51197
0.1,0.0,0.6,0.0,0.0,0.3,0.539041
0.2,0.1,0.0,0.6,0.1,0.0,0.432903
0.0,0.0,0.2,0.0,0.1,0.7,0.490741
0.0,0.3,0.0,0.4,0.0,0.3,0.506975
0.0,0.4,0.3,0.2,0.0,0.1,0.532824
0.0,0.3,0.0,0.0,0.6,0.1,0.472495
0.0,0.3,0.0,0.3,0.2,0.2,0.473262
0.0,0.5,0.1,0.0,0.3,0.1,0.4828689999999999
0.2,0.0,0.5,0.0,0.2,0.1,0.490377
0.0,0.1,0.0,0.4,0.0,0.5,0.4914699999999999
0.0,0.0,0.3,0.1,0.3,0.3,0.476439
0.1,0.3,0.0,0.2,0.0,0.4,0.542466
0.5,0.0,0.4,0.0,0.0,0.1,0.5087550000000001
0.0,0.4,0.0,0.6,0.0,0.0,0.4712
0.4,0.0,0.0,0.0,0.5,0.1,0.4375189999999999
0.2,0.4,0.0,0.0,0.0,0.4,0.5209600000000001
0.0,0.0,0.0,0.3,0.7,0.0,0.460105
0.1,0.3,0.0,0.0,0.4,0.2,0.487826
0.2,0.3,0.2,0.0,0.0,0.3,0.526221
0.8,0.0,0.1,0.1,0.0,0.0,0.525419
0.0,0.1,0.4,0.0,0.5,0.0,0.472302
0.0,0.6,0.3,0.1,0.0,0.0,0.485171
0.5,0.0,0.4,0.0,0.1,0.0,0.486314
0.1,0.1,0.0,0.4,0.0,0.4,0.491879
0.0,0.4,0.0,0.1,0.5,0.0,0.4577489999999999
0.1,0.3,0.1,0.0,0.0,0.5,0.477263
0.0,0.0,0.1,0.5,0.2,0.2,0.448399
0.3,0.1,0.0,0.0,0.1,0.5,0.4501989999999999
0.0,0.3,0.4,0.1,0.2,0.0,0.443208
0.0,0.1,0.0,0.0,0.4,0.5,0.47179
0.2,0.1,0.0,0.0,0.3,0.4,0.474722
0.4,0.0,0.4,0.0,0.0,0.2,0.495685
0.0,0.1,0.1,0.3,0.5,0.0,0.4499869999999999
0.0,0.0,0.3,0.1,0.1,0.5,0.4676369999999999
0.7,0.1,0.0,0.1,0.1,0.0,0.4720229999999999
0.3,0.0,0.1,0.4,0.2,0.0,0.4062119999999999
0.2,0.1,0.0,0.0,0.0,0.7,0.5232939999999999
0.5,0.0,0.2,0.0,0.1,0.2,0.457275
0.4,0.1,0.0,0.1,0.4,0.0,0.4375819999999999
0.0,0.2,0.1,0.0,0.5,0.2,0.498625
0.0,0.5,0.2,0.3,0.0,0.0,0.492358
0.2,0.0,0.4,0.3,0.1,0.0,0.43728
0.0,0.5,0.0,0.1,0.3,0.1,0.46842
0.1,0.0,0.0,0.5,0.1,0.3,0.4164229999999999
0.0,0.0,0.5,0.2,0.2,0.1,0.449979
0.0,0.2,0.5,0.0,0.3,0.0,0.485314
0.3,0.0,0.0,0.5,0.0,0.2,0.443349
0.1,0.4,0.4,0.0,0.0,0.1,0.5203939999999999
0.0,0.2,0.4,0.3,0.1,0.0,0.47903
0.0,0.6,0.0,0.1,0.3,0.0,0.475634
0.0,0.5,0.2,0.2,0.0,0.1,0.512275
0.2,0.6,0.1,0.0,0.0,0.1,0.576876
0.3,0.4,0.1,0.0,0.0,0.2,0.574364
0.7,0.1,0.2,0.0,0.0,0.0,0.5315770000000001
0.7,0.0,0.1,0.2,0.0,0.0,0.502587
0.0,0.0,0.0,0.6,0.1,0.3,0.432183
0.4,0.0,0.0,0.0,0.4,0.2,0.4249439999999999
0.2,0.0,0.1,0.2,0.0,0.5,0.466562
0.0,0.0,0.4,0.2,0.4,0.0,0.452789
0.0,0.0,0.4,0.5,0.1,0.0,0.452463
0.1,0.4,0.0,0.0,0.2,0.3,0.475109
0.1,0.2,0.2,0.0,0.0,0.5,0.5095770000000001
0.0,0.0,0.0,0.1,0.4,0.5,0.461606
0.7,0.2,0.1,0.0,0.0,0.0,0.526651
0.4,0.0,0.4,0.1,0.1,0.0,0.4799529999999999
0.1,0.4,0.2,0.0,0.0,0.3,0.49312
0.1,0.0,0.0,0.0,0.3,0.6,0.45738
0.5,0.3,0.1,0.0,0.1,0.0,0.482726
0.2,0.0,0.0,0.1,0.3,0.4,0.445474
0.1,0.3,0.0,0.4,0.2,0.0,0.444147
0.4,0.0,0.0,0.2,0.3,0.1,0.423022
0.0,0.5,0.0,0.1,0.1,0.3,0.465568
0.0,0.0,0.1,0.1,0.4,0.4,0.453435
0.4,0.0,0.1,0.0,0.5,0.0,0.4253479999999999
0.0,0.0,0.3,0.4,0.0,0.3,0.454831
0.0,0.0,0.1,0.3,0.1,0.5,0.4506989999999999
0.1,0.5,0.0,0.0,0.2,0.2,0.498306
0.0,0.6,0.4,0.0,0.0,0.0,0.5361
0.0,0.3,0.0,0.7,0.0,0.0,0.4702659999999999
0.6,0.2,0.1,0.0,0.1,0.0,0.5131640000000001
0.0,0.1,0.8,0.0,0.0,0.1,0.486501
0.0,0.3,0.0,0.4,0.2,0.1,0.4534109999999999
0.2,0.3,0.0,0.2,0.0,0.3,0.5319050000000001
0.3,0.1,0.1,0.0,0.5,0.0,0.4407529999999999
0.3,0.1,0.0,0.2,0.0,0.4,0.4847609999999999
0.1,0.0,0.1,0.1,0.0,0.7,0.488443
0.1,0.1,0.7,0.1,0.0,0.0,0.4713199999999999
0.1,0.2,0.2,0.0,0.5,0.0,0.439849
0.2,0.0,0.1,0.0,0.6,0.1,0.449125
0.0,0.1,0.0,0.4,0.3,0.2,0.445208
0.0,0.3,0.1,0.0,0.4,0.2,0.471
0.3,0.0,0.0,0.0,0.4,0.3,0.430451
0.3,0.0,0.1,0.0,0.4,0.2,0.459975
0.7,0.0,0.0,0.0,0.0,0.3,0.559292
0.2,0.1,0.5,0.0,0.0,0.2,0.562992
0.0,0.5,0.2,0.0,0.1,0.2,0.509351
0.3,0.0,0.5,0.1,0.0,0.1,0.500378
0.0,0.4,0.1,0.1,0.4,0.0,0.457797
0.0,0.3,0.0,0.3,0.0,0.4,0.532884
0.2,0.0,0.4,0.3,0.0,0.1,0.516019
0.2,0.0,0.2,0.1,0.0,0.5,0.510658
0.0,0.6,0.1,0.0,0.2,0.1,0.484031
0.0,0.3,0.3,0.0,0.0,0.4,0.530205
0.0,0.3,0.1,0.4,0.2,0.0,0.4329409999999999
0.1,0.0,0.3,0.3,0.3,0.0,0.435188
0.0,0.2,0.1,0.6,0.1,0.0,0.427516
0.1,0.2,0.6,0.0,0.0,0.1,0.47129
0.3,0.0,0.0,0.3,0.4,0.0,0.417438
0.3,0.0,0.3,0.0,0.1,0.3,0.501975
0.0,0.3,0.1,0.3,0.3,0.0,0.428472
0.3,0.3,0.2,0.0,0.0,0.2,0.5566909999999999
0.3,0.0,0.3,0.2,0.0,0.2,0.4720609999999999
0.0,0.1,0.0,0.1,0.8,0.0,0.461289
0.0,0.0,0.3,0.2,0.2,0.3,0.4944479999999999
0.5,0.3,0.0,0.0,0.1,0.1,0.5171140000000001
0.3,0.0,0.1,0.4,0.0,0.2,0.444893
0.3,0.0,0.1,0.3,0.3,0.0,0.408517
0.0,0.0,0.4,0.0,0.6,0.0,0.4658479999999999
0.0,0.6,0.0,0.2,0.1,0.1,0.491163
0.1,0.0,0.2,0.7,0.0,0.0,0.4278479999999999
0.0,0.0,0.7,0.2,0.1,0.0,0.468434
0.1,0.0,0.1,0.4,0.0,0.4,0.4654109999999999
0.6,0.0,0.1,0.1,0.0,0.2,0.564148
0.2,0.5,0.2,0.0,0.1,0.0,0.511622
0.0,0.0,0.2,0.0,0.5,0.3,0.450445
0.3,0.0,0.0,0.4,0.0,0.3,0.423069
0.1,0.3,0.3,0.0,0.3,0.0,0.4456989999999999
0.2,0.0,0.7,0.0,0.0,0.1,0.482697
0.0,0.0,0.1,0.3,0.5,0.1,0.4397859999999999
0.0,0.1,0.5,0.1,0.3,0.0,0.470092
0.0,0.1,0.0,0.3,0.5,0.1,0.438004
0.4,0.0,0.0,0.4,0.0,0.2,0.4708859999999999
0.4,0.3,0.2,0.0,0.0,0.1,0.525382
0.1,0.0,0.1,0.0,0.8,0.0,0.436351
0.0,0.0,0.1,0.3,0.2,0.4,0.459459
0.1,0.4,0.0,0.4,0.0,0.1,0.5321
0.5,0.2,0.2,0.0,0.1,0.0,0.474312
0.0,0.0,0.2,0.4,0.1,0.3,0.461484
0.3,0.3,0.1,0.0,0.3,0.0,0.455142
0.1,0.0,0.1,0.4,0.4,0.0,0.4270989999999999
0.0,0.1,0.5,0.4,0.0,0.0,0.490806
0.3,0.0,0.3,0.3,0.0,0.1,0.483998
0.0,0.7,0.0,0.2,0.0,0.1,0.5127970000000001
0.0,0.2,0.0,0.1,0.4,0.3,0.483286
0.1,0.0,0.9,0.0,0.0,0.0,0.480837
0.4,0.1,0.0,0.0,0.0,0.5,0.6224529999999999
0.1,0.4,0.1,0.4,0.0,0.0,0.4951819999999999
0.0,0.0,0.0,0.6,0.0,0.4,0.445625
0.1,0.0,0.6,0.3,0.0,0.0,0.4414939999999999
0.4,0.0,0.0,0.1,0.2,0.3,0.436112
0.0,0.1,0.1,0.0,0.4,0.4,0.46824
0.0,0.0,0.1,0.6,0.3,0.0,0.44001
0.0,0.0,0.0,0.4,0.5,0.1,0.421751
0.0,0.0,0.7,0.0,0.3,0.0,0.451661
0.0,0.0,0.0,0.5,0.2,0.3,0.43336
0.2,0.3,0.1,0.4,0.0,0.0,0.489856
0.4,0.1,0.1,0.4,0.0,0.0,0.496108
0.0,0.3,0.0,0.1,0.0,0.6,0.59929
0.3,0.2,0.4,0.1,0.0,0.0,0.521598
0.0,0.0,0.7,0.0,0.1,0.2,0.493795
0.0,0.5,0.3,0.2,0.0,0.0,0.54406
0.0,0.7,0.0,0.2,0.1,0.0,0.52188
0.4,0.3,0.1,0.2,0.0,0.0,0.492953
0.0,0.1,0.0,0.9,0.0,0.0,0.464651
0.1,0.0,0.0,0.1,0.8,0.0,0.452052
0.0,0.5,0.0,0.1,0.2,0.2,0.504555
0.3,0.4,0.0,0.1,0.0,0.2,0.5138189999999999
0.3,0.1,0.0,0.1,0.0,0.5,0.48862
0.7,0.0,0.2,0.0,0.1,0.0,0.440401
0.3,0.0,0.1,0.2,0.4,0.0,0.4134649999999999
0.3,0.2,0.0,0.1,0.4,0.0,0.4529979999999999
0.0,0.6,0.1,0.0,0.1,0.2,0.497766
0.0,0.0,0.3,0.0,0.5,0.2,0.443912
0.0,0.1,0.6,0.2,0.0,0.1,0.477131
0.2,0.0,0.0,0.0,0.7,0.1,0.444517
0.1,0.6,0.2,0.0,0.0,0.1,0.5708810000000001
0.2,0.5,0.2,0.0,0.0,0.1,0.5092
0.0,0.3,0.2,0.5,0.0,0.0,0.453182
0.3,0.1,0.4,0.0,0.2,0.0,0.4464
0.1,0.1,0.0,0.8,0.0,0.0,0.448792
0.0,0.4,0.1,0.1,0.0,0.4,0.488147
0.4,0.2,0.0,0.0,0.3,0.1,0.477371
0.0,0.6,0.1,0.3,0.0,0.0,0.480601
0.0,0.0,0.1,0.0,0.5,0.4,0.457831
0.0,0.1,0.4,0.0,0.3,0.2,0.465397
0.1,0.4,0.1,0.0,0.0,0.4,0.5680350000000001
0.0,0.3,0.5,0.2,0.0,0.0,0.457817
0.2,0.0,0.0,0.4,0.3,0.1,0.3945909999999999
0.1,0.0,0.0,0.4,0.0,0.5,0.425951
0.0,0.1,0.0,0.6,0.3,0.0,0.425135
0.0,0.0,0.1,0.0,0.4,0.5,0.444638
0.0,0.0,0.0,0.9,0.1,0.0,0.434334
0.0,0.3,0.2,0.0,0.1,0.4,0.511912
0.5,0.0,0.3,0.0,0.0,0.2,0.5014069999999999
0.3,0.2,0.0,0.0,0.1,0.4,0.506141
0.1,0.4,0.4,0.0,0.1,0.0,0.469391
0.1,0.0,0.1,0.6,0.2,0.0,0.411732
0.0,0.4,0.0,0.4,0.1,0.1,0.4626699999999999
0.0,0.4,0.4,0.0,0.1,0.1,0.513332
0.0,0.2,0.1,0.0,0.4,0.3,0.483674
0.3,0.0,0.5,0.1,0.1,0.0,0.4737149999999999
0.7,0.0,0.0,0.0,0.2,0.1,0.47296
0.0,0.9,0.1,0.0,0.0,0.0,0.58611
0.3,0.4,0.0,0.3,0.0,0.0,0.471684
0.5,0.0,0.0,0.1,0.1,0.3,0.4410739999999999
0.0,0.0,0.2,0.5,0.2,0.1,0.442248
0.3,0.0,0.1,0.0,0.6,0.0,0.426799
0.0,0.3,0.1,0.5,0.1,0.0,0.443502
0.0,0.5,0.0,0.3,0.0,0.2,0.560411
0.0,0.1,0.4,0.3,0.0,0.2,0.466667
0.0,0.0,0.5,0.1,0.3,0.1,0.451167
0.0,0.0,0.5,0.0,0.5,0.0,0.461788
0.1,0.3,0.4,0.2,0.0,0.0,0.4454
0.5,0.0,0.0,0.2,0.1,0.2,0.440813
0.5,0.0,0.3,0.2,0.0,0.0,0.512096
0.0,0.0,0.3,0.0,0.4,0.3,0.427627
0.1,0.0,0.3,0.6,0.0,0.0,0.425095
0.0,0.4,0.2,0.3,0.0,0.1,0.444119
0.3,0.0,0.3,0.3,0.1,0.0,0.432321
0.2,0.5,0.0,0.0,0.3,0.0,0.4980819999999999
0.3,0.5,0.0,0.2,0.0,0.0,0.578908
0.0,0.7,0.2,0.0,0.0,0.1,0.501081
0.7,0.0,0.1,0.0,0.2,0.0,0.467355
0.4,0.3,0.0,0.2,0.1,0.0,0.5158520000000001
0.0,0.0,0.6,0.3,0.1,0.0,0.48043
0.0,0.0,0.3,0.2,0.0,0.5,0.489131
0.0,0.1,0.4,0.4,0.0,0.1,0.4772689999999999
0.1,0.3,0.0,0.5,0.0,0.1,0.480814
0.0,0.7,0.1,0.2,0.0,0.0,0.5301779999999999
0.0,0.1,0.6,0.1,0.2,0.0,0.477655
0.3,0.0,0.0,0.6,0.1,0.0,0.416641
0.0,0.3,0.3,0.0,0.4,0.0,0.442727
0.0,0.3,0.1,0.0,0.6,0.0,0.4510989999999999
0.0,0.4,0.0,0.0,0.3,0.3,0.483526
0.2,0.1,0.1,0.0,0.0,0.6,0.554483
0.0,0.1,0.6,0.0,0.1,0.2,0.47723
0.0,0.5,0.1,0.1,0.3,0.0,0.471777
0.2,0.5,0.1,0.2,0.0,0.0,0.550704
0.2,0.4,0.0,0.3,0.1,0.0,0.498246
0.0,0.2,0.4,0.0,0.0,0.4,0.5152869999999999
0.1,0.0,0.2,0.0,0.4,0.3,0.453507
0.6,0.0,0.2,0.1,0.1,0.0,0.479741
0.5,0.2,0.0,0.2,0.1,0.0,0.488276
0.2,0.2,0.0,0.0,0.3,0.3,0.4913649999999999
0.4,0.2,0.0,0.4,0.0,0.0,0.4636369999999999
0.0,0.2,0.0,0.2,0.5,0.1,0.458733
0.0,0.6,0.0,0.4,0.0,0.0,0.490721
0.0,0.0,0.0,0.3,0.5,0.2,0.43976
0.2,0.3,0.2,0.3,0.0,0.0,0.498256
0.0,0.1,0.6,0.0,0.2,0.1,0.461689
0.1,0.0,0.0,0.0,0.5,0.4,0.4437649999999999
0.5,0.0,0.1,0.1,0.0,0.3,0.5405260000000001
0.0,0.0,0.5,0.0,0.4,0.1,0.457184
0.3,0.5,0.0,0.1,0.1,0.0,0.4399869999999999
0.2,0.2,0.0,0.1,0.5,0.0,0.4326779999999999
0.4,0.3,0.0,0.0,0.2,0.1,0.475238
0.5,0.0,0.2,0.0,0.3,0.0,0.441331
0.0,0.3,0.0,0.0,0.1,0.6,0.467045
0.0,0.1,0.2,0.6,0.1,0.0,0.419064
0.0,0.2,0.0,0.0,0.4,0.4,0.4942899999999999
0.1,0.0,0.4,0.0,0.1,0.4,0.49194
0.0,0.7,0.1,0.0,0.0,0.2,0.478422
0.0,0.0,0.2,0.1,0.6,0.1,0.457606
0.0,0.0,0.6,0.0,0.1,0.3,0.452269
0.1,0.0,0.8,0.0,0.1,0.0,0.470866
0.2,0.0,0.5,0.0,0.1,0.2,0.496374
0.4,0.2,0.0,0.0,0.1,0.3,0.511835
0.1,0.0,0.2,0.2,0.5,0.0,0.434529
0.5,0.0,0.1,0.0,0.2,0.2,0.450216
0.2,0.0,0.1,0.0,0.5,0.2,0.438225
0.0,0.1,0.4,0.0,0.1,0.4,0.482138
0.2,0.0,0.4,0.0,0.0,0.4,0.500308
0.2,0.0,0.3,0.1,0.4,0.0,0.4472279999999999
0.2,0.0,0.0,0.0,0.5,0.3,0.444506
0.0,0.6,0.0,0.1,0.0,0.3,0.466167
0.0,0.0,0.7,0.0,0.2,0.1,0.443979
0.1,0.0,0.0,0.5,0.3,0.1,0.402649
0.0,0.3,0.0,0.0,0.4,0.3,0.4801
0.5,0.1,0.0,0.0,0.0,0.4,0.5050279999999999
0.3,0.4,0.2,0.0,0.0,0.1,0.487618
0.0,0.0,0.3,0.2,0.3,0.2,0.474931
0.4,0.2,0.3,0.0,0.0,0.1,0.497537
0.0,0.3,0.4,0.3,0.0,0.0,0.467505
0.5,0.0,0.0,0.2,0.0,0.3,0.450003
0.0,0.0,0.4,0.6,0.0,0.0,0.4796569999999999
0.1,0.3,0.0,0.3,0.0,0.3,0.544467
0.3,0.2,0.1,0.0,0.0,0.4,0.4903619999999999
0.3,0.0,0.0,0.7,0.0,0.0,0.455017
0.0,0.5,0.2,0.2,0.1,0.0,0.491462
0.3,0.4,0.0,0.0,0.3,0.0,0.46055
0.2,0.1,0.0,0.4,0.3,0.0,0.418725
0.0,0.3,0.0,0.1,0.4,0.2,0.492304
0.5,0.1,0.4,0.0,0.0,0.0,0.486759
0.0,0.1,0.1,0.2,0.6,0.0,0.456737
0.4,0.3,0.1,0.0,0.0,0.2,0.4663989999999999
0.0,0.4,0.1,0.4,0.1,0.0,0.456162
0.2,0.0,0.0,0.3,0.3,0.2,0.408248
0.1,0.6,0.0,0.3,0.0,0.0,0.5643739999999999
0.0,0.5,0.1,0.3,0.0,0.1,0.544933
0.0,0.0,0.3,0.3,0.3,0.1,0.4778199999999999
0.0,0.2,0.2,0.5,0.0,0.1,0.458856
0.1,0.1,0.1,0.0,0.7,0.0,0.46929
0.6,0.0,0.0,0.0,0.1,0.3,0.506975
0.0,0.8,0.0,0.0,0.1,0.1,0.49605
0.2,0.1,0.0,0.0,0.1,0.6,0.4875279999999999
0.2,0.0,0.1,0.6,0.0,0.1,0.43445
0.3,0.1,0.0,0.0,0.6,0.0,0.439922
0.0,0.0,0.1,0.8,0.1,0.0,0.4357149999999999
0.2,0.7,0.0,0.0,0.0,0.1,0.517373
0.4,0.0,0.0,0.0,0.0,0.6,0.5041479999999999
0.2,0.0,0.1,0.2,0.5,0.0,0.4166229999999999
0.2,0.1,0.3,0.4,0.0,0.0,0.454291
0.0,0.1,0.3,0.0,0.4,0.2,0.465423
0.2,0.0,0.1,0.0,0.7,0.0,0.44265
0.9,0.0,0.1,0.0,0.0,0.0,0.4848479999999999
0.6,0.0,0.1,0.2,0.0,0.1,0.562571
0.1,0.0,0.1,0.2,0.6,0.0,0.426304
0.0,0.0,0.3,0.0,0.0,0.7,0.479305
0.3,0.0,0.2,0.0,0.4,0.1,0.445481
0.0,0.0,0.2,0.1,0.4,0.3,0.46076
0.1,0.0,0.5,0.4,0.0,0.0,0.43006
0.2,0.0,0.3,0.0,0.2,0.3,0.462414
0.3,0.3,0.0,0.1,0.0,0.3,0.4873119999999999
0.5,0.2,0.1,0.0,0.2,0.0,0.475026
0.1,0.0,0.1,0.0,0.2,0.6,0.455529
0.3,0.1,0.5,0.1,0.0,0.0,0.482414
0.1,0.0,0.2,0.1,0.6,0.0,0.425548
0.2,0.1,0.5,0.0,0.2,0.0,0.451266
0.0,0.0,0.1,0.4,0.5,0.0,0.442831
0.1,0.9,0.0,0.0,0.0,0.0,0.4888619999999999
0.0,0.0,0.5,0.1,0.0,0.4,0.485322
0.3,0.0,0.1,0.0,0.2,0.4,0.4609649999999999
0.0,0.0,0.0,0.3,0.3,0.4,0.45123
0.1,0.6,0.0,0.1,0.2,0.0,0.477892
0.1,0.0,0.2,0.0,0.5,0.2,0.467314
0.1,0.2,0.0,0.5,0.2,0.0,0.4346899999999999
0.0,0.0,0.2,0.2,0.5,0.1,0.46338
0.1,0.0,0.0,0.3,0.3,0.3,0.422021
0.0,0.1,0.2,0.5,0.0,0.2,0.469089
0.2,0.1,0.0,0.2,0.0,0.5,0.4998859999999999
0.2,0.0,0.1,0.1,0.6,0.0,0.426996
0.0,0.2,0.0,0.4,0.4,0.0,0.4290489999999999
0.1,0.0,0.8,0.0,0.0,0.1,0.482793
0.0,0.1,0.0,0.5,0.1,0.3,0.46185
0.0,0.0,0.1,0.6,0.1,0.2,0.4322569999999999
0.0,0.0,0.1,0.0,0.6,0.3,0.461297
0.5,0.2,0.0,0.0,0.3,0.0,0.47826
0.0,0.1,0.3,0.0,0.3,0.3,0.49612
0.4,0.3,0.2,0.0,0.1,0.0,0.483181
0.0,0.1,0.0,0.5,0.4,0.0,0.435432
0.3,0.4,0.1,0.0,0.2,0.0,0.4875569999999999
0.0,0.1,0.4,0.2,0.0,0.3,0.482479
0.3,0.1,0.0,0.0,0.3,0.3,0.45856
0.2,0.1,0.0,0.3,0.0,0.4,0.483968
0.0,0.1,0.3,0.0,0.0,0.6,0.498662
0.0,0.0,0.1,0.7,0.0,0.2,0.46111
0.6,0.2,0.1,0.0,0.0,0.1,0.489809
0.0,0.1,0.0,0.7,0.1,0.1,0.422706
0.5,0.0,0.1,0.0,0.3,0.1,0.446043
0.4,0.1,0.0,0.5,0.0,0.0,0.48416
0.0,0.5,0.0,0.0,0.5,0.0,0.470887
0.0,0.4,0.5,0.0,0.0,0.1,0.4931899999999999
0.0,0.1,0.5,0.1,0.0,0.3,0.480588
0.1,0.0,0.0,0.6,0.0,0.3,0.426641
0.3,0.2,0.2,0.3,0.0,0.0,0.484584
0.0,0.4,0.4,0.2,0.0,0.0,0.518519
0.0,0.0,0.4,0.4,0.0,0.2,0.5003270000000001
0.0,0.4,0.4,0.1,0.0,0.1,0.48339
0.0,0.0,0.4,0.1,0.3,0.2,0.4558779999999999
0.9,0.0,0.0,0.0,0.1,0.0,0.490479
0.5,0.1,0.0,0.0,0.4,0.0,0.4412069999999999
0.0,0.2,0.3,0.0,0.4,0.1,0.463902
0.2,0.3,0.1,0.0,0.4,0.0,0.442459
0.3,0.0,0.0,0.0,0.0,0.7,0.4800899999999999
0.6,0.0,0.0,0.1,0.2,0.1,0.449642
0.7,0.0,0.1,0.1,0.0,0.1,0.467292
0.6,0.0,0.1,0.1,0.2,0.0,0.432886
0.0,0.1,0.3,0.4,0.2,0.0,0.433608
0.0,0.2,0.0,0.5,0.0,0.3,0.507688
0.0,0.2,0.2,0.0,0.5,0.1,0.449916
0.1,0.2,0.0,0.0,0.4,0.3,0.47543
0.0,0.0,0.6,0.1,0.3,0.0,0.461551
0.4,0.5,0.0,0.1,0.0,0.0,0.598641
0.0,0.3,0.3,0.2,0.0,0.2,0.454061
0.0,0.1,0.2,0.6,0.0,0.1,0.433774
0.1,0.0,0.0,0.1,0.4,0.4,0.4399729999999999
0.0,0.0,0.0,0.1,0.9,0.0,0.446251
0.4,0.1,0.0,0.0,0.2,0.3,0.43001
0.2,0.0,0.2,0.1,0.5,0.0,0.4171479999999999
0.3,0.1,0.0,0.5,0.0,0.1,0.4241859999999999
0.0,0.1,0.7,0.0,0.1,0.1,0.500781
0.0,0.1,0.2,0.3,0.4,0.0,0.437331
0.2,0.0,0.0,0.5,0.3,0.0,0.411176
0.0,0.0,0.4,0.3,0.0,0.3,0.4824529999999999
0.3,0.0,0.2,0.3,0.0,0.2,0.45751
0.2,0.3,0.0,0.2,0.3,0.0,0.4506729999999999
0.0,0.4,0.1,0.0,0.5,0.0,0.445685
0.2,0.2,0.0,0.5,0.1,0.0,0.4597489999999999
0.3,0.5,0.0,0.0,0.1,0.1,0.5289550000000001
0.6,0.1,0.0,0.2,0.0,0.1,0.478917
0.4,0.1,0.0,0.0,0.4,0.1,0.425775
0.0,0.2,0.1,0.3,0.4,0.0,0.417446
0.9,0.0,0.0,0.0,0.0,0.1,0.455467
0.4,0.0,0.0,0.3,0.2,0.1,0.4195609999999999
0.1,0.0,0.4,0.1,0.0,0.4,0.500777
0.4,0.0,0.1,0.2,0.3,0.0,0.423635
0.2,0.5,0.0,0.3,0.0,0.0,0.501372
0.3,0.0,0.2,0.0,0.1,0.4,0.489802
0.1,0.2,0.4,0.3,0.0,0.0,0.469656
0.3,0.1,0.5,0.0,0.0,0.1,0.4728239999999999
0.2,0.1,0.7,0.0,0.0,0.0,0.507685
0.0,0.1,0.0,0.3,0.4,0.2,0.4629529999999999
0.1,0.1,0.0,0.0,0.1,0.7,0.4731579999999999
0.7,0.0,0.0,0.0,0.3,0.0,0.454054
0.6,0.1,0.0,0.1,0.2,0.0,0.4531989999999999
0.0,0.2,0.5,0.3,0.0,0.0,0.454843
0.0,0.2,0.3,0.0,0.5,0.0,0.4606979999999999
0.1,0.4,0.3,0.0,0.0,0.2,0.5350239999999999
0.0,0.5,0.1,0.0,0.2,0.2,0.45656
0.0,0.0,0.1,0.3,0.4,0.2,0.459281
0.1,0.0,0.6,0.1,0.0,0.2,0.503877
0.0,0.3,0.3,0.3,0.1,0.0,0.438226
0.2,0.3,0.0,0.0,0.4,0.1,0.461091
0.0,0.0,0.1,0.1,0.6,0.2,0.4627439999999999
0.3,0.1,0.0,0.0,0.5,0.1,0.442789
0.0,0.1,0.0,0.0,0.9,0.0,0.462064
0.5,0.0,0.3,0.1,0.0,0.1,0.510857
0.1,0.0,0.0,0.1,0.0,0.8,0.458322
0.0,0.2,0.6,0.0,0.1,0.1,0.507418
0.1,0.5,0.0,0.0,0.4,0.0,0.463059
0.1,0.3,0.0,0.2,0.4,0.0,0.4473899999999999
0.0,0.0,0.5,0.1,0.1,0.3,0.4756479999999999
0.6,0.0,0.0,0.3,0.0,0.1,0.518658
0.1,0.0,0.0,0.5,0.0,0.4,0.444855
0.7,0.1,0.1,0.1,0.0,0.0,0.5033979999999999
0.1,0.0,0.0,0.0,0.6,0.3,0.440665
0.1,0.0,0.1,0.1,0.7,0.0,0.426814
0.0,0.1,0.0,0.1,0.5,0.3,0.472027
0.2,0.0,0.4,0.0,0.3,0.1,0.4913409999999999
0.3,0.2,0.3,0.0,0.0,0.2,0.4998729999999999
0.7,0.1,0.1,0.0,0.1,0.0,0.465988
0.0,0.1,0.2,0.1,0.0,0.6,0.4838
0.3,0.0,0.5,0.0,0.2,0.0,0.469141
0.5,0.1,0.0,0.3,0.0,0.1,0.482718
0.4,0.1,0.1,0.0,0.4,0.0,0.4402439999999999
0.0,0.5,0.0,0.1,0.0,0.4,0.5139229999999999
0.3,0.0,0.2,0.0,0.2,0.3,0.463255
0.1,0.0,0.2,0.3,0.0,0.4,0.490746
0.1,0.5,0.4,0.0,0.0,0.0,0.564338
0.3,0.0,0.4,0.0,0.1,0.2,0.459959
0.0,0.0,0.1,0.0,0.9,0.0,0.4528319999999999
0.0,0.1,0.9,0.0,0.0,0.0,0.461899
0.0,0.0,0.1,0.5,0.1,0.3,0.426693
0.7,0.0,0.1,0.0,0.0,0.2,0.547502
0.0,0.1,0.3,0.3,0.3,0.0,0.461381
0.2,0.2,0.3,0.3,0.0,0.0,0.4480729999999999
0.3,0.0,0.2,0.4,0.1,0.0,0.4195979999999999
0.2,0.0,0.2,0.3,0.0,0.3,0.47796
0.2,0.1,0.0,0.0,0.6,0.1,0.455156
0.1,0.4,0.0,0.0,0.5,0.0,0.460379
0.4,0.4,0.1,0.0,0.1,0.0,0.484214
0.0,0.2,0.6,0.1,0.0,0.1,0.462526
0.6,0.0,0.2,0.0,0.1,0.1,0.497245
0.1,0.0,0.0,0.0,0.4,0.5,0.454867
0.1,0.0,0.0,0.2,0.2,0.5,0.439989
0.0,0.1,0.1,0.7,0.1,0.0,0.421915
0.1,0.2,0.0,0.4,0.0,0.3,0.552921
0.8,0.1,0.0,0.0,0.0,0.1,0.496259
0.0,0.2,0.4,0.0,0.4,0.0,0.4561689999999999
0.1,0.3,0.0,0.0,0.0,0.6,0.520882
0.2,0.3,0.3,0.0,0.2,0.0,0.4795689999999999
0.5,0.0,0.3,0.1,0.1,0.0,0.4815
0.1,0.0,0.0,0.0,0.7,0.2,0.452777
0.6,0.0,0.1,0.0,0.1,0.2,0.4689109999999999
0.0,0.0,0.4,0.1,0.4,0.1,0.451559
0.0,0.2,0.0,0.4,0.3,0.1,0.428457
0.5,0.0,0.0,0.1,0.0,0.4,0.464234
0.1,0.0,0.0,0.6,0.2,0.1,0.401921
0.0,0.0,0.1,0.5,0.4,0.0,0.445289
0.1,0.0,0.2,0.0,0.7,0.0,0.46252
0.1,0.4,0.0,0.5,0.0,0.0,0.472786
0.0,0.4,0.2,0.1,0.3,0.0,0.443763
0.0,0.1,0.5,0.3,0.0,0.1,0.467405
0.1,0.2,0.0,0.2,0.0,0.5,0.5236460000000001
0.2,0.2,0.0,0.3,0.3,0.0,0.43493
0.2,0.0,0.3,0.0,0.0,0.5,0.484831
0.6,0.0,0.0,0.0,0.4,0.0,0.448451
0.0,0.5,0.2,0.0,0.3,0.0,0.464027
0.0,0.3,0.0,0.5,0.2,0.0,0.444218
0.4,0.0,0.4,0.1,0.0,0.1,0.478429
0.3,0.0,0.0,0.3,0.0,0.4,0.42925
0.1,0.1,0.7,0.0,0.0,0.1,0.523461
0.0,0.2,0.5,0.0,0.2,0.1,0.494249
0.0,0.5,0.0,0.3,0.2,0.0,0.474314
0.5,0.0,0.2,0.2,0.1,0.0,0.465712
0.0,0.4,0.0,0.2,0.3,0.1,0.482246
0.0,0.2,0.3,0.2,0.0,0.3,0.518364
0.4,0.0,0.3,0.0,0.3,0.0,0.441187
0.1,0.0,0.2,0.0,0.0,0.7,0.507629
0.4,0.1,0.5,0.0,0.0,0.0,0.494619
0.0,0.7,0.0,0.3,0.0,0.0,0.501161
0.1,0.5,0.3,0.0,0.0,0.1,0.52951
0.4,0.0,0.0,0.0,0.2,0.4,0.438708
0.3,0.0,0.2,0.3,0.2,0.0,0.4050809999999999
0.0,0.4,0.0,0.0,0.6,0.0,0.452546
0.4,0.1,0.0,0.2,0.0,0.3,0.508748
0.3,0.2,0.0,0.3,0.0,0.2,0.59601
0.0,0.4,0.0,0.3,0.0,0.3,0.51337
0.0,0.0,0.6,0.2,0.1,0.1,0.4726649999999999
0.1,0.2,0.3,0.0,0.4,0.0,0.4359659999999999
0.2,0.3,0.4,0.0,0.0,0.1,0.524574
0.1,0.5,0.0,0.3,0.0,0.1,0.48817
0.1,0.0,0.3,0.4,0.0,0.2,0.435927
0.8,0.0,0.1,0.0,0.1,0.0,0.484977
0.0,0.1,0.0,0.0,0.2,0.7,0.460941
0.1,0.0,0.0,0.3,0.4,0.2,0.398698
0.0,0.1,0.4,0.1,0.0,0.4,0.530945
0.0,0.4,0.0,0.1,0.0,0.5,0.53272
0.1,0.0,0.4,0.3,0.2,0.0,0.439926
0.0,0.1,0.2,0.4,0.0,0.3,0.5080359999999999
0.0,0.0,0.3,0.1,0.2,0.4,0.4793739999999999
0.1,0.6,0.1,0.2,0.0,0.0,0.5056350000000001
0.0,0.2,0.0,0.3,0.1,0.4,0.488547
0.0,0.0,0.1,0.0,0.7,0.2,0.462025
0.0,0.0,0.0,0.6,0.3,0.1,0.411189
0.0,0.7,0.2,0.0,0.1,0.0,0.510536
0.1,0.0,0.6,0.1,0.2,0.0,0.467074
0.3,0.2,0.0,0.2,0.3,0.0,0.446142
0.2,0.2,0.0,0.0,0.5,0.1,0.456916
0.0,0.7,0.0,0.1,0.0,0.2,0.484031
0.0,0.0,0.2,0.2,0.1,0.5,0.457425
0.0,0.4,0.3,0.0,0.2,0.1,0.457456
0.1,0.2,0.5,0.0,0.2,0.0,0.459167
0.0,0.4,0.3,0.2,0.1,0.0,0.466272
0.3,0.0,0.2,0.0,0.0,0.5,0.491314
0.2,0.0,0.3,0.5,0.0,0.0,0.416988
0.1,0.0,0.0,0.7,0.1,0.1,0.411321
0.0,0.0,0.1,0.1,0.7,0.1,0.453367
0.0,0.2,0.4,0.0,0.3,0.1,0.454532
0.0,0.3,0.3,0.0,0.3,0.1,0.463535
0.0,0.6,0.0,0.0,0.3,0.1,0.462736
0.0,0.4,0.0,0.4,0.0,0.2,0.480441
0.4,0.0,0.1,0.3,0.0,0.2,0.469361
0.0,0.5,0.2,0.1,0.2,0.0,0.457922
0.0,0.0,0.0,0.0,0.4,0.6,0.464089
0.0,0.0,0.0,0.1,0.3,0.6,0.459375
0.0,0.3,0.4,0.2,0.0,0.1,0.52152
0.5,0.1,0.0,0.1,0.0,0.3,0.453447
0.0,0.0,0.3,0.3,0.4,0.0,0.46334
0.6,0.0,0.0,0.0,0.0,0.4,0.465318
0.0,0.1,0.0,0.7,0.2,0.0,0.431572
0.0,0.1,0.0,0.1,0.3,0.5,0.448101
0.1,0.1,0.0,0.7,0.1,0.0,0.4299479999999999
0.2,0.0,0.1,0.0,0.2,0.5,0.4392319999999999
0.1,0.3,0.0,0.6,0.0,0.0,0.470145
0.0,0.0,0.5,0.5,0.0,0.0,0.465182
0.1,0.3,0.1,0.5,0.0,0.0,0.491364
0.0,0.3,0.2,0.4,0.1,0.0,0.441626
0.0,0.1,0.1,0.0,0.0,0.8,0.485267
0.3,0.5,0.1,0.1,0.0,0.0,0.5010979999999999
0.1,0.0,0.3,0.4,0.2,0.0,0.4097149999999999
0.2,0.0,0.0,0.1,0.4,0.3,0.4201539999999999
0.1,0.0,0.0,0.4,0.5,0.0,0.423405
0.0,0.0,0.0,0.6,0.4,0.0,0.4392319999999999
0.1,0.0,0.4,0.3,0.0,0.2,0.4574479999999999
0.0,0.2,0.0,0.2,0.3,0.3,0.46078
0.3,0.1,0.0,0.3,0.0,0.3,0.443971
0.0,0.0,0.0,0.3,0.0,0.7,0.45882
0.3,0.1,0.1,0.0,0.0,0.5,0.49987
0.4,0.5,0.1,0.0,0.0,0.0,0.541521
0.0,0.2,0.0,0.1,0.5,0.2,0.472747
0.0,0.1,0.0,0.0,0.6,0.3,0.455918
0.0,0.2,0.5,0.2,0.1,0.0,0.4555079999999999
0.2,0.0,0.4,0.1,0.3,0.0,0.442325
0.1,0.1,0.0,0.6,0.2,0.0,0.416322
0.0,0.0,0.5,0.2,0.3,0.0,0.437671
0.0,0.1,0.0,0.3,0.6,0.0,0.433564
0.6,0.2,0.0,0.1,0.0,0.1,0.5339550000000001
0.0,0.5,0.2,0.1,0.0,0.2,0.554439
0.0,0.0,0.4,0.1,0.2,0.3,0.469653
0.3,0.3,0.3,0.0,0.0,0.1,0.576658
0.0,0.0,0.1,0.0,0.8,0.1,0.464458
0.4,0.0,0.0,0.0,0.1,0.5,0.471964
0.0,0.0,0.1,0.0,0.1,0.8,0.47648
0.3,0.0,0.2,0.1,0.0,0.4,0.539995
0.0,0.1,0.7,0.0,0.2,0.0,0.484792
0.4,0.1,0.0,0.0,0.1,0.4,0.499917
0.0,0.0,0.4,0.2,0.0,0.4,0.508781
0.5,0.3,0.0,0.1,0.1,0.0,0.5093310000000001
0.0,0.2,0.1,0.2,0.5,0.0,0.43353
0.0,0.6,0.1,0.0,0.3,0.0,0.480151
0.0,0.0,0.3,0.6,0.1,0.0,0.45145
0.2,0.5,0.0,0.1,0.0,0.2,0.555645
0.1,0.1,0.1,0.7,0.0,0.0,0.450995
0.4,0.1,0.0,0.2,0.3,0.0,0.443396
0.2,0.1,0.0,0.5,0.2,0.0,0.425796
0.0,0.1,0.0,0.0,0.3,0.6,0.468556
0.0,0.4,0.0,0.0,0.2,0.4,0.506528
0.0,0.8,0.0,0.1,0.0,0.1,0.565365
0.0,0.2,0.2,0.0,0.3,0.3,0.491106
0.0,0.0,0.1,0.2,0.7,0.0,0.447769
0.0,0.2,0.1,0.0,0.7,0.0,0.462021
0.3,0.1,0.0,0.4,0.0,0.2,0.486585
0.3,0.0,0.2,0.2,0.3,0.0,0.413581
0.0,0.0,0.3,0.5,0.0,0.2,0.456571
0.3,0.2,0.0,0.0,0.3,0.2,0.469168
0.0,0.0,0.2,0.1,0.2,0.5,0.455794
0.5,0.0,0.2,0.1,0.2,0.0,0.447593
0.3,0.0,0.0,0.0,0.6,0.1,0.4247729999999999
0.1,0.1,0.0,0.0,0.8,0.0,0.455268
0.0,0.0,0.1,0.3,0.3,0.3,0.456079
0.0,0.4,0.2,0.0,0.0,0.4,0.564113
0.3,0.2,0.3,0.0,0.2,0.0,0.4678
0.0,0.0,0.0,0.2,0.4,0.4,0.438803
0.0,0.1,0.2,0.3,0.0,0.4,0.5226930000000001
0.1,0.2,0.3,0.0,0.0,0.4,0.545722
0.3,0.1,0.0,0.4,0.2,0.0,0.438094
0.4,0.2,0.0,0.3,0.1,0.0,0.506455
0.0,0.5,0.1,0.0,0.1,0.3,0.514779
0.7,0.1,0.0,0.0,0.2,0.0,0.498199
0.4,0.0,0.3,0.3,0.0,0.0,0.492326
0.0,0.0,0.0,0.1,0.7,0.2,0.4428
