Metal_1,Metal_2,Metal_3,Metal_1_Proportion,Metal_2_Proportion,Metal_3_Proportion,Hydrothermal Temp degree,Hydrothermal Time min,Annealing Temp degree,Annealing Time min,Proton Concentration M,Catalyst_Loading mg cm -2,Overpotential mV @10 mA cm-2
Cu,Ru,,74.69661761,25.30338239,0.0,150.0,900.0,200.0,240.0,1.0,0.704,216
Cu,Ru,,74.69661761,25.30338239,0.0,150.0,900.0,300.0,240.0,1.0,0.704,201
Cu,Ru,,74.69661761,25.30338239,0.0,150.0,900.0,400.0,240.0,1.0,0.704,245
Cu,Ru,,74.69661761,25.30338239,0.0,150.0,900.0,500.0,240.0,1.0,0.704,286
Co,,,100.0,0.0,0.0,150.0,120.0,400.0,60.0,1.0,0.902,422
Co,Fe,,99.33774834,0.662251656,0.0,150.0,120.0,400.0,60.0,1.0,0.8877,396
Pd,Ir,,79.5959596,20.4040404,0.0,200.0,120.0,25.0,0.0,0.1,0.068,248
Pd,Ir,,85.55917481,14.44082519,0.0,200.0,15.0,25.0,0.0,0.1,0.068,292
Ru,Pb,,83.33333333,16.66666667,0.0,0.0,2280.0,500.0,60.0,1.0,0.229,191
Ru,Pb,,75.0,25.0,0.0,0.0,2280.0,500.0,60.0,1.0,0.229,221
Ru,Pb,,87.5,12.5,0.0,0.0,2280.0,500.0,60.0,1.0,0.229,217
Ru,Pb,,100.0,0.0,0.0,0.0,2280.0,500.0,60.0,1.0,0.229,285
Ni,Ru,,66.64006385,33.35993615,0.0,25.0,180.0,400.0,180.0,1.0,0.063,211
Ni,Ru,,66.64006385,33.35993615,0.0,60.0,360.0,400.0,180.0,1.0,0.292,286
Ir,Co,,75.0,25.0,0.0,270.0,120.0,25.0,0.0,1.0,0.5,329
Ir,Co,,75.0,25.0,0.0,270.0,120.0,100.0,180.0,1.0,0.5,325
Ir,Co,,75.0,25.0,0.0,270.0,120.0,200.0,180.0,1.0,0.5,260
Ir,Co,,75.0,25.0,0.0,270.0,120.0,300.0,180.0,1.0,0.5,281
Ir,Co,,75.0,25.0,0.0,270.0,120.0,400.0,180.0,1.0,0.5,354
Ir,Co,,75.0,25.0,0.0,270.0,120.0,500.0,180.0,1.0,0.5,385
Ru,,,100.0,0.0,0.0,60.0,720.0,500.0,60.0,1.0,0.3,281
Ru,Ce,Mo,75.0,25.0,0.0,60.0,720.0,500.0,60.0,1.0,0.3,262
Ru,Ce,,75.0,25.0,0.0,60.0,720.0,500.0,60.0,1.0,0.3,199
Ru,Mo,,60.0,20.0,20.0,60.0,720.0,500.0,60.0,1.0,0.3,164
Ru,Ce,Mo,50.0,33.33333333,16.66666667,60.0,720.0,500.0,60.0,1.0,0.3,181
Ru,Ir,,66.66666667,33.33333333,0.0,80.0,10.0,240.0,60.0,0.1,0.127,219
Ru,Ir,Mn,63.82978723,31.91489362,4.255319149,80.0,10.0,240.0,60.0,0.1,0.127,198
Ru,Ir,Mn,54.54545455,27.27272727,18.18181818,80.0,10.0,240.0,60.0,0.1,0.127,229
Ru,Ir,,80.0,20.0,0.0,25.0,360.0,25.0,0.0,0.1,0.127,232
Ir,,,100.0,0.0,0.0,25.0,0.0,800.0,180.0,0.1,0.212,197
Ir,,,100.0,0.0,0.0,25.0,0.0,900.0,120.0,0.1,0.212,297
Co,,,100.0,0.0,0.0,80.0,360.0,800.0,120.0,1.0,0.1225,530
Co,Ir,,82.33333333,17.66666667,0.0,25.0,30.0,300.0,60.0,1.0,0.1375,300
Ir,,,100.0,0.0,0.0,25.0,30.0,300.0,60.0,1.0,0.1,320
Ir,,,100.0,0.0,0.0,25.0,0.0,500.0,30.0,0.1,0.255,188
Ru,,,100.0,0.0,0.0,25.0,1.0,700.0,0.1,1.0,1.3307,189
Ru,Mo,,80.0,20.0,0.0,25.0,1.0,930.0,0.2,1.0,1.6907,187
Ru,Mo,,60.0,40.0,0.0,25.0,1.0,930.0,0.2,1.0,2.2907,199
Mo,Ru,,60.0,40.0,0.0,25.0,1.0,930.0,0.2,1.0,3.4907,208
Mo,Ru,,80.0,20.0,0.0,25.0,1.0,930.0,0.2,1.0,7.0907,225
Ru,Co,,99.65123038,0.348769618,0.0,25.0,1440.0,350.0,240.0,1.0,0.1,328
Ru,,,100.0,0.0,0.0,25.0,1440.0,350.0,240.0,1.0,0.1,342
Co,,,100.0,0.0,0.0,25.0,1440.0,350.0,240.0,1.0,0.1,600
Ba,Ir,,86.59177241,13.40822759,0.0,150.0,480.0,700.0,360.0,1.0,0.283,230
Sr,Ir,,88.85812487,11.14187513,0.0,150.0,480.0,700.0,360.0,1.0,0.283,300
Pt,Ru,Co,57.09728659,29.834028,13.06868541,260.0,120.0,400.0,60.0,0.1,0.0417,213
Pt,Ru,,53.69840303,46.30159697,0.0,260.0,120.0,400.0,60.0,0.1,0.0492,274
Ru,,,100.0,0.0,0.0,280.0,120.0,400.0,60.0,0.1,0.0263,265
Ru,Sb,,50.0,50.0,0.0,100.0,3.0,600.0,360.0,1.0,0.223,454
Mn,Sb,,50.0,50.0,0.0,100.0,3.0,600.0,360.0,1.0,0.177,698
Co,Sb,,50.0,50.0,0.0,100.0,3.0,600.0,360.0,1.0,0.201,808
Ir,,,100.0,0.0,0.0,25.0,720.0,900.0,60.0,0.1,0.178,271
Ru,,,100.0,0.0,0.0,90.0,180.0,250.0,120.0,1.0,0.255,210
Ru,,,100.0,0.0,0.0,90.0,180.0,350.0,120.0,1.0,0.255,262
Ru,,,100.0,0.0,0.0,90.0,180.0,500.0,120.0,1.0,0.255,302
Ru,,,100.0,0.0,0.0,90.0,180.0,700.0,120.0,1.0,0.255,388
Mn,Ru,,95.96928983,4.030710173,0.0,25.0,720.0,200.0,60.0,0.1,0.2,287
Mn,Ru,,92.25092251,7.749077491,0.0,25.0,720.0,200.0,60.0,0.1,0.2,234
Mn,Ru,,74.8502994,25.1497006,0.0,25.0,720.0,200.0,60.0,0.1,0.2,161
Ru,,,100.0,0.0,0.0,25.0,60.0,500.0,300.0,0.1,0.2,250
Ru,,,100.0,0.0,0.0,25.0,240.0,350.0,300.0,1.0,0.1415,219
Ru,,,100.0,0.0,0.0,25.0,240.0,350.0,300.0,1.0,0.1415,163
Ru,,,100.0,0.0,0.0,25.0,240.0,350.0,300.0,1.0,0.1415,237
Ru,,,100.0,0.0,0.0,25.0,300.0,350.0,120.0,1.0,1.2,212
Co,Ru,,89.79591837,10.20408163,0.0,25.0,300.0,350.0,120.0,1.0,1.2,492
Co,,,100.0,0.0,0.0,25.0,300.0,350.0,120.0,1.0,1.0,546
Ti,Ir,,96.18320611,3.816793893,25.0,0.0,2880.0,25.0,0.0,0.1,0.028,461
Ti,Ir,,94.07114625,5.928853755,25.0,0.0,2880.0,25.0,0.0,0.1,0.042,342
Ti,Ir,,91.80327869,8.196721311,25.0,0.0,2880.0,25.0,0.0,0.1,0.056,377
Ir,,,100.0,0.0,0.0,25.0,5.0,500.0,720.0,0.1,0.011,394
Ir,Au,,50.0,50.0,0.0,25.0,5.0,500.0,720.0,0.1,0.02173198,351
Ir,Co,,50.0,50.0,0.0,25.0,5.0,500.0,720.0,0.1,0.046833898,356
Ir,Au,Co,33.33333333,33.33333333,33.33333333,25.0,5.0,500.0,720.0,0.1,0.057565878,330
Ir,Ni,,50.0,50.0,0.0,25.0,5.0,500.0,720.0,0.1,0.046833898,357
Ir,Au,Ni,33.33333333,33.33333333,33.33333333,25.0,5.0,500.0,720.0,0.1,0.057565878,335
Ir,Cu,,50.0,50.0,0.0,25.0,5.0,500.0,720.0,0.1,0.044034375,400
Ir,Au,Cu,33.33333333,33.33333333,33.33333333,25.0,5.0,500.0,720.0,0.1,0.054766355,376
W,Ir,,91.28751917,8.71248083,0.0,95.0,300.0,400.0,300.0,1.0,0.5,258
W,,,100.0,0.0,0.0,95.0,300.0,400.0,300.0,1.0,0.5,552
Ir,,,100.0,0.0,0.0,95.0,300.0,400.0,300.0,1.0,0.045,741
Ir,,,100.0,0.0,0.0,25.0,1440.0,25.0,0.0,1.0,0.13,290
Ru,Au,,90.90909091,9.090909091,0.0,25.0,2880.0,300.0,180.0,1.0,0.8488,189
Ru,,,100.0,0.0,0.0,25.0,2880.0,300.0,180.0,1.0,0.8488,185
Ru,Au,,90.90909091,9.090909091,0.0,25.0,2880.0,300.0,240.0,1.0,0.8488,154
Ru,,,100.0,0.0,0.0,25.0,2880.0,300.0,240.0,1.0,0.8488,167
Ru,Co,,85.71428571,14.28571429,0.0,80.0,360.0,750.0,120.0,1.0,0.256,209
Ru,,,100.0,0.0,0.0,80.0,360.0,750.0,120.0,1.0,0.256,342
Ru,Co,,75.0,25.0,0.0,80.0,360.0,750.0,120.0,1.0,0.256,280
Ru,Co,,90.0,10.0,0.0,80.0,360.0,750.0,120.0,1.0,0.256,224
Pt,Sn,,74.70139025,25.29860975,0.0,180.0,720.0,25.0,0.0,1.0,0.015031102,370
Pt,Sn,Pd,70.34040098,23.8217033,5.837895721,150.0,420.0,25.0,0.0,1.0,0.015463876,270
Ir,,,100.0,0.0,0.0,70.0,120.0,800.0,180.0,1.0,0.0035,216
Ir,,,100.0,0.0,0.0,70.0,120.0,800.0,180.0,1.0,0.003,412
Ir,,,100.0,0.0,0.0,70.0,120.0,1000.0,180.0,1.0,0.0085,394
Ir,,,100.0,0.0,0.0,0.0,180.0,450.0,120.0,1.0,0.0407,299
Ir,Ta,Tm,80.0,10.0,10.0,0.0,180.0,450.0,120.0,1.0,0.0407,227
Ir,,,100.0,0.0,0.0,0.0,180.0,450.0,120.0,1.0,0.0407,254
Ir,Ta,,95.0,5.0,0.0,0.0,180.0,450.0,120.0,1.0,0.0407,238
Ir,Ta,,90.0,10.0,0.0,0.0,180.0,450.0,120.0,1.0,0.0407,235
Ir,Ta,,80.0,20.0,0.0,0.0,180.0,450.0,120.0,1.0,0.0407,242
Ir,Tm,,90.0,10.0,0.0,0.0,180.0,450.0,120.0,1.0,0.0407,236
Ir,Tm,Ta,80.0,10.0,10.0,0.0,180.0,450.0,120.0,1.0,0.0407,202
Ir,Tm,Ta,70.0,20.0,10.0,0.0,180.0,450.0,120.0,1.0,0.0407,224
Co,Ru,,74.79619142,25.20380858,0.0,25.0,1440.0,300.0,120.0,1.0,0.35,281
Co,Ru,,70.36267307,29.63732693,0.0,25.0,1440.0,300.0,120.0,1.0,0.35,239
Co,Ru,,66.42533436,33.57466564,0.0,25.0,1440.0,300.0,120.0,1.0,0.35,232
Co,Ru,,62.90529401,37.09470599,0.0,25.0,1440.0,300.0,120.0,1.0,0.35,228
Co,Ru,,59.73954968,40.26045032,0.0,25.0,1440.0,300.0,120.0,1.0,0.35,252
Ti,Ru,Ir,61.96031045,35.69270809,2.346981457,70.0,180.0,450.0,240.0,1.0,0.168245,337
Ti,Ru,Ir,79.85456653,13.17732121,6.968112262,165.0,360.0,25.0,0.0,0.1,0.09,254
Ti,Ru,Ir,78.54586388,14.03335616,7.420779959,165.0,360.0,25.0,0.0,0.1,0.09,307
Ti,Ru,Ir,72.95584718,17.68983969,9.354313133,165.0,360.0,25.0,0.0,0.1,0.09,308
Ti,Ru,Ir,65.83413369,22.34822077,11.81764554,165.0,360.0,25.0,0.0,0.1,0.09,363
Ti,Ir,,75.18610422,24.81389578,0.0,165.0,360.0,25.0,0.0,0.1,0.09,306
Ru,Ir,,65.4109589,34.5890411,0.0,165.0,360.0,25.0,0.0,0.1,0.3,372
Ru,Ir,,65.4109589,34.5890411,0.0,165.0,360.0,25.0,0.0,0.1,0.09,325
Ru,Y,,50.0,50.0,0.0,80.0,300.0,950.0,720.0,1.0,0.255,297
Ru,Y,F,41.61979753,41.61979753,16.76040495,80.0,300.0,400.0,1440.0,1.0,0.255,250
Ru,Y,F,35.64547206,35.64547206,28.70905588,80.0,300.0,400.0,1440.0,1.0,0.255,235
F,Ru,Y,37.65796125,31.17101938,31.17101938,80.0,300.0,400.0,1440.0,1.0,0.255,256
Ir,Te,,77.04160247,22.95839753,0.0,80.0,180.0,25.0,0.0,1.0,0.05095,271
Ir,,,100.0,0.0,0.0,55.0,180.0,450.0,30.0,1.0,0.354,304
Ir,Gd,,97.0,3.0,0.0,55.0,180.0,450.0,30.0,1.0,0.354,294
Ir,Gd,,95.0,5.0,0.0,55.0,180.0,450.0,30.0,1.0,0.354,287
Ir,Gd,,93.0,7.0,0.0,55.0,180.0,450.0,30.0,1.0,0.354,307
Ir,Gd,,90.0,10.0,0.0,55.0,180.0,450.0,30.0,1.0,0.354,314
Ir,Gd,,95.0,5.0,0.0,55.0,180.0,400.0,30.0,1.0,0.354,370
Ir,Gd,,95.0,5.0,0.0,55.0,180.0,500.0,30.0,1.0,0.354,342
Ir,Gd,,95.0,5.0,0.0,55.0,180.0,450.0,60.0,1.0,0.354,333
Ir,,,100.0,0.0,0.0,120.0,60.0,450.0,60.0,0.1,0.006868734,298
Ti,Ir,,65.1255892,34.8744108,0.0,120.0,60.0,450.0,60.0,0.1,0.006940071,297
Ti,Ir,,88.22351982,11.77648018,0.0,120.0,60.0,450.0,60.0,0.1,0.006613959,286
Ti,Ir,,96.77059312,3.229406876,0.0,120.0,60.0,450.0,60.0,0.1,0.009192282,284
Ga,Ir,,53.77917394,46.22082606,0.0,25.0,480.0,800.0,480.0,0.1,0.1333,272
Ga,Ir,,53.77917394,46.22082606,0.0,25.0,480.0,400.0,300.0,0.1,0.1333,291
Ir,Co,,75.0,25.0,0.0,25.0,480.0,500.0,60.0,1.0,0.8488,252
Ir,Co,,50.0,50.0,0.0,25.0,480.0,500.0,60.0,1.0,0.8488,244
Co,Ir,,75.0,25.0,0.0,25.0,480.0,500.0,60.0,1.0,0.8488,249
S,Mo,Co,78.94736842,18.42105263,2.631578947,200.0,1200.0,25.0,0.0,1.0,0.112,226
Ru,Sr,,50.0,50.0,0.0,25.0,0.0,1200.0,600.0,1.0,0.5,190
Ru,,,100.0,0.0,0.0,25.0,0.0,800.0,600.0,1.0,0.5,300
Te,Ir,,66.66666667,33.33333333,0.0,200.0,30.0,25.0,0.0,1.0,0.02333,284
Ir,Ni,,90.0,10.0,0.0,70.0,120.0,25.0,0.0,1.0,0.0627,261
Ir,Ni,,90.0,10.0,0.0,70.0,120.0,300.0,30.0,1.0,0.0627,270
Ir,Ni,,90.0,10.0,0.0,70.0,120.0,400.0,30.0,1.0,0.0627,293
Ir,Ni,,90.0,10.0,0.0,70.0,120.0,500.0,30.0,1.0,0.0627,314
Ir,Mo,,50.0,50.0,0.0,80.0,720.0,500.0,180.0,1.0,0.5,156
Co,Ce,,90.0,10.0,0.0,80.0,360.0,400.0,60.0,1.0,490.0,423
Co,,,100.0,0.0,0.0,80.0,360.0,400.0,60.0,1.0,490.0,507
Co,Ce,,95.0,5.0,0.0,80.0,360.0,400.0,60.0,1.0,490.0,442
Co,Ce,,88.88888889,11.11111111,0.0,80.0,360.0,400.0,60.0,1.0,490.0,454
Co,Ce,,90.0,10.0,0.0,80.0,360.0,300.0,60.0,1.0,490.0,415
Co,Ce,,90.0,10.0,0.0,80.0,360.0,500.0,60.0,1.0,490.0,411
Ru,Y,,50.0,50.0,0.0,80.0,720.0,900.0,360.0,1.0,0.071,310
Ru,Y,Sr,50.0,47.5,2.5,80.0,720.0,900.0,360.0,1.0,0.071,283
Ru,Y,Sr,50.0,45.0,5.0,80.0,720.0,900.0,360.0,1.0,0.071,273
Ru,Y,Sr,50.0,42.5,7.5,80.0,720.0,900.0,360.0,1.0,0.071,265
Ru,Y,Sr,50.0,40.0,10.0,80.0,720.0,900.0,360.0,1.0,0.071,269
Ru,,,100.0,0.0,0.0,25.0,120.0,600.0,120.0,1.0,0.166666666,296
Ru,,,100.0,0.0,0.0,25.0,120.0,700.0,120.0,1.0,0.166666666,283
Ru,,,100.0,0.0,0.0,25.0,120.0,800.0,120.0,1.0,0.166666666,257
Ru,,,100.0,0.0,0.0,25.0,120.0,900.0,120.0,1.0,0.166666666,270
Mo,Ir,,90.0,10.0,0.0,25.0,40.0,400.0,15.0,0.1,0.163,283
Mo,Ir,,90.0,10.0,0.0,25.0,40.0,450.0,15.0,0.1,0.163,258
Mo,Ir,,70.0,30.0,0.0,25.0,40.0,450.0,15.0,0.1,0.163,277
Mo,Ir,,70.0,30.0,0.0,25.0,40.0,500.0,15.0,0.1,0.163,274
Mo,Ir,,70.0,30.0,0.0,25.0,40.0,550.0,15.0,0.1,0.163,286
Mo,Ir,,70.0,30.0,0.0,25.0,40.0,600.0,15.0,0.1,0.163,312
Ir,Mo,,50.0,50.0,0.0,25.0,40.0,500.0,15.0,0.1,0.163,290
Ir,Mo,,50.0,50.0,0.0,25.0,40.0,550.0,15.0,0.1,0.163,274
Ir,Mo,,50.0,50.0,0.0,25.0,40.0,600.0,15.0,0.1,0.163,285
Ir,,,100.0,0.0,0.0,160.0,720.0,400.0,180.0,1.0,0.00629109,404
Ir,,,100.0,0.0,0.0,160.0,720.0,600.0,180.0,1.0,0.00629109,315
Ir,,,100.0,0.0,0.0,160.0,720.0,800.0,180.0,1.0,0.00629109,350
Pt,Ir,,55.0,45.0,0.0,30.0,60.0,25.0,0.0,0.1,0.0976,280
Ru,,,100.0,0.0,0.0,-196.0,4320.0,500.0,360.0,1.0,0.098,169
Ru,Fe,,58.00112333,41.99887667,0.0,180.0,300.0,250.0,60.0,1.0,0.178977272,236
Ru,Fe,,58.00112333,41.99887667,0.0,180.0,600.0,250.0,60.0,1.0,0.178977272,249
Ru,Fe,,58.00112333,41.99887667,0.0,180.0,300.0,250.0,60.0,0.1,0.178977272,245
Ru,Fe,,58.00112333,41.99887667,0.0,180.0,600.0,250.0,60.0,0.1,0.178977272,258
Ru,Co,,48.32980446,51.67019554,0.0,25.0,1440.0,350.0,240.0,1.0,0.8492569,197
Ru,Co,,58.38582835,41.61417165,0.0,25.0,1440.0,350.0,240.0,1.0,0.8492569,191
Ru,Co,,65.16533159,34.83466841,0.0,25.0,1440.0,350.0,240.0,1.0,0.8492569,175
Ru,Co,,73.72607633,26.27392367,0.0,25.0,1440.0,350.0,240.0,1.0,0.8492569,170
Ru,Co,,65.16533159,34.83466841,0.0,25.0,1440.0,400.0,240.0,1.0,0.8492569,181
Ru,Co,,65.16533159,34.83466841,0.0,25.0,1440.0,450.0,240.0,1.0,0.8492569,193
Ru,Co,,65.16533159,34.83466841,0.0,25.0,1440.0,500.0,240.0,1.0,0.8492569,215
Sr,Fe,Ir,50.0,25.0,25.0,25.0,0.0,1100.0,1440.0,0.1,0.255102,386
Sr,Co,Ir,50.0,25.0,25.0,25.0,0.0,1100.0,1440.0,0.1,0.255102,415
Sr,Fe,Ir,66.66666667,16.66666667,16.66666667,25.0,0.0,1300.0,1440.0,0.1,0.255102,413
Ir,,,100.0,0.0,0.0,25.0,60.0,300.0,90.0,0.1,0.2038,255
Ru,Co,,69.65593248,30.34406752,0.0,200.0,360.0,900.0,240.0,1.0,0.0905,190
Co,,,100.0,0.0,0.0,200.0,360.0,900.0,240.0,1.0,0.0905,465
W,none,none,100.0,0.0,0.0,25.0,0.0,550.0,1.5,2.0,0.8492569,1580
Ir,,,100.0,0.0,0.0,25.0,0.0,550.0,1.5,2.0,0.8492569,280
W,Ir,,57.0,43.0,0.0,25.0,0.0,550.0,1.5,2.0,0.8492569,370
W,Ir,,92.0,8.0,0.0,25.0,0.0,550.0,1.5,2.0,0.8492569,480
W,Ir,,99.0,1.0,0.0,25.0,0.0,550.0,1.5,2.0,0.8492569,500
W,Ir,,99.0,1.0,0.0,25.0,0.0,500.0,60.0,2.0,0.8492569,1070
Y,Ru,,50.0,50.0,0.0,80.0,720.0,960.0,360.0,0.1,0.025477,244
Y,Ru,,50.0,50.0,0.0,80.0,720.0,1000.0,720.0,0.1,0.025477,328
Ru,Ir,,70.0,30.0,0.0,70.0,10.0,450.0,60.0,0.2,0.4,195
Ru,Y,,50.0,50.0,0.0,80.0,360.0,1000.0,360.0,0.1,0.025,326
Ru,Nd,,50.0,50.0,0.0,80.0,360.0,1000.0,360.0,0.1,0.025,336
Ru,Gd,,50.0,50.0,0.0,80.0,360.0,1000.0,360.0,0.1,0.025,343
Sr,Ir,Ti,79.51807229,6.827309237,13.65461847,180.0,720.0,600.0,360.0,0.1,0.21,247
Ir,,,100.0,0.0,0.0,180.0,720.0,600.0,360.0,0.1,0.21,319
Pt,Ir,,10.0,90.0,0.0,180.0,1440.0,400.0,60.0,1.0,0.38,328
Pt,Ir,,30.0,70.0,0.0,180.0,1440.0,400.0,60.0,1.0,0.38,345
Pt,Ir,,50.0,50.0,0.0,180.0,1440.0,400.0,60.0,1.0,0.38,357
Ru,,,100.0,0.0,0.0,195.0,60.0,400.0,60.0,1.0,0.01,297
Ir,,,100.0,0.0,0.0,195.0,60.0,400.0,60.0,1.0,0.01,463
Ru,Ir,,50.0,50.0,0.0,195.0,60.0,400.0,60.0,1.0,0.01,415
Te,Ru,,67.04545455,32.95454545,0.0,180.0,180.0,250.0,300.0,1.0,0.040764,243
Te,Ru,,67.04545455,32.95454545,0.0,180.0,180.0,250.0,300.0,1.0,0.040764,439
Te,Ru,,67.04545455,32.95454545,0.0,180.0,180.0,250.0,300.0,0.1,0.040764,302
La,Ir,,66.68838511,33.31161489,0.0,150.0,720.0,400.0,360.0,0.1,0.2,263
Ir,,,100.0,0.0,0.0,150.0,720.0,600.0,360.0,0.1,0.2,370
Ir,,,100.0,0.0,0.0,150.0,720.0,200.0,360.0,0.1,0.2,330
Ru,Y,,50.0,50.0,0.0,80.0,120.0,1100.0,720.0,1.0,0.246,302
Ru,Y,Mg,50.0,47.5,2.5,80.0,120.0,1100.0,720.0,1.0,0.246,269
Ru,Y,Mg,50.0,46.25,3.75,80.0,120.0,1100.0,720.0,1.0,0.246,259
Ru,Y,Mg,50.0,43.75,6.25,80.0,120.0,1100.0,720.0,1.0,0.246,263
Ru,Y,Mg,50.0,40.0,10.0,80.0,120.0,1100.0,720.0,1.0,0.246,273
Sn,Ir,Sb,83.60250328,9.127713825,7.269782894,80.0,60.0,200.0,60.0,1.0,0.0509554,594
Sn,Ir,Sb,78.76354402,14.38745215,6.849003828,80.0,60.0,200.0,60.0,1.0,0.0509554,548
Sn,Ir,Sb,74.42265591,19.10580879,6.471535297,80.0,60.0,200.0,60.0,1.0,0.0509554,425
Sn,Ir,Sb,70.66006481,23.19558173,6.144353462,80.0,60.0,200.0,60.0,1.0,0.0509554,400
Sn,Ir,Sb,55.0169374,40.19898109,4.784081513,80.0,60.0,200.0,60.0,1.0,0.0509554,388
Ir,Sn,Sb,50.20710026,45.80946776,3.983431979,80.0,60.0,200.0,60.0,1.0,0.0509554,382
Ir,,,100.0,0.0,0.0,80.0,60.0,200.0,60.0,1.0,0.0509554,352
Cu,Ir,,70.0,30.0,0.0,250.0,720.0,600.0,6.0,0.1,0.2,391
Cu,Ir,,50.0,50.0,0.0,250.0,720.0,600.0,6.0,0.1,0.2,368
Ir,Cu,,70.0,30.0,0.0,250.0,720.0,600.0,6.0,0.1,0.2,351
Ir,Cu,,90.0,10.0,0.0,250.0,720.0,600.0,6.0,0.1,0.2,375
Ru,,,100.0,0.0,0.0,160.0,720.0,350.0,240.0,1.0,0.275,184
Ru,In,,75.00418196,24.99581804,0.0,160.0,720.0,250.0,240.0,1.0,0.275,180
Ru,In,,75.00418196,24.99581804,0.0,160.0,720.0,350.0,240.0,1.0,0.275,177
Ru,In,,75.00418196,24.99581804,0.0,160.0,720.0,450.0,240.0,1.0,0.275,206
Cu,Ru,Ir,50.0,41.0,9.0,240.0,60.0,25.0,0.0,0.1,0.012,233
Cu,Ru,Ir,50.0,33.0,17.0,240.0,60.0,25.0,0.0,0.1,0.012,226
Cu,Ru,Ir,50.0,26.0,24.0,240.0,60.0,25.0,0.0,0.1,0.012,244
Cu,Ir,Ru,50.0,33.5,16.5,240.0,60.0,25.0,0.0,0.1,0.012,268
Cu,Ir,Ru,50.0,41.0,9.0,240.0,60.0,25.0,0.0,0.1,0.012,271
Ir,,,54.54545455,45.45454545,0.0,240.0,60.0,25.0,0.0,0.1,0.012,307
Sr,Ir,,98.42007435,1.579925651,0.0,180.0,720.0,700.0,720.0,0.1,0.21,243
Sr,Ir,,50.0,50.0,0.0,25.0,60.0,1150.0,60.0,0.1,0.21,310
Ru,,,100.0,0.0,0.0,25.0,1440.0,300.0,240.0,1.0,0.275,188
Ru,,,100.0,0.0,0.0,25.0,1440.0,400.0,240.0,1.0,0.275,201
Ru,,,100.0,0.0,0.0,25.0,1440.0,500.0,240.0,1.0,0.275,230
Ru,,,100.0,0.0,0.0,25.0,1440.0,600.0,240.0,1.0,0.275,367
Ir,Fe,,58.72483221,41.27516779,0.0,150.0,720.0,400.0,360.0,0.1,0.1716,312
Fe,Ir,,58.43230404,41.56769596,0.0,150.0,720.0,400.0,360.0,0.1,0.1716,261
Ir,,,100.0,0.0,0.0,150.0,720.0,600.0,360.0,0.1,0.2,339
Co,S,,50.0,50.0,0.0,200.0,30.0,200.0,1440.0,1.0,0.85,570
Co,S,,50.0,50.0,0.0,200.0,30.0,200.0,1440.0,1.0,1.0,870
Co,S,Mo,49.80718298,49.80718298,0.38563404,200.0,30.0,200.0,1440.0,1.0,0.85,540
Co,S,Mo,49.80718298,49.80718298,0.38563404,200.0,1440.0,200.0,1440.0,1.0,1.0,380
Co,S,Mo,49.80718298,49.80718298,0.38563404,200.0,60.0,200.0,1440.0,1.0,0.85,520
Co,S,Mo,49.80718298,49.80718298,0.38563404,200.0,120.0,200.0,1440.0,1.0,0.85,510
Co,S,Mo,49.80718298,49.80718298,0.38563404,200.0,180.0,200.0,1440.0,1.0,0.85,500
Co,S,Mo,49.80718298,49.80718298,0.38563404,200.0,270.0,200.0,1440.0,1.0,0.85,490
Co,S,Mo,49.80718298,49.80718298,0.38563404,200.0,360.0,200.0,1440.0,1.0,0.85,450
Co,S,Mo,49.80718298,49.80718298,0.38563404,200.0,720.0,200.0,1440.0,1.0,0.85,410
Co,S,Mo,49.80718298,49.80718298,0.38563404,200.0,1440.0,200.0,1440.0,1.0,0.85,370
Co,S,Mo,49.80718298,49.80718298,0.38563404,200.0,2880.0,200.0,1440.0,1.0,0.85,480
Co,S,Mo,49.90340524,49.90340524,0.193189522,200.0,1440.0,200.0,1440.0,1.0,0.85,513
Co,S,Mo,49.61584738,49.61584738,0.768305233,200.0,1440.0,200.0,1440.0,1.0,0.85,563
Ir,Ru,,50.69969717,49.30030283,0.0,180.0,30.0,550.0,30.0,1.0,0.05,333
Ir,Ru,Co,43.66294726,42.45777869,13.87927405,180.0,30.0,550.0,30.0,1.0,0.05,225
Ir,Ru,Co,43.66294726,42.45777869,13.87927405,180.0,30.0,750.0,30.0,1.0,0.05,266
Ir,Ru,,50.69969717,49.30030283,0.0,180.0,30.0,550.0,30.0,1.0,0.05,281
Ir,Ru,,50.69969717,49.30030283,0.0,180.0,30.0,550.0,30.0,0.1,0.05,448
Ir,Ru,Co,43.66294726,42.45777869,13.87927405,180.0,30.0,550.0,30.0,0.1,0.05,239
Ir,Ru,Co,43.66294726,42.45777869,13.87927405,180.0,30.0,750.0,30.0,0.1,0.05,290
Ir,Ru,,50.69969717,49.30030283,0.0,180.0,30.0,550.0,30.0,0.1,0.05,319
Ru,,,97.9,2.1,0.0,180.0,180.0,25.0,0.0,1.0,0.1632648,234
Ir,,,99.1,0.9,0.0,180.0,180.0,25.0,0.0,1.0,0.1632648,312
Pt,,,97.4,2.6,0.0,180.0,180.0,25.0,0.0,1.0,0.1632648,545
Rh,,,97.5,2.5,0.0,180.0,180.0,25.0,0.0,1.0,0.1632648,320
Ru,,,97.9,2.1,0.0,180.0,180.0,25.0,0.0,0.1,0.1632648,260
Ir,,,99.1,0.9,0.0,180.0,180.0,25.0,0.0,0.1,0.1632648,341
Pt,,,97.4,2.6,0.0,180.0,180.0,25.0,0.0,0.1,0.1632648,472
Rh,,,97.5,2.5,0.0,180.0,180.0,25.0,0.0,0.1,0.1632648,484
Ru,,,97.9,2.1,0.0,180.0,180.0,25.0,0.0,1.0,0.1632648,234
Ir,,,100.0,0.0,0.0,80.0,2880.0,250.0,30.0,0.1,0.05,286
Ir,,,100.0,0.0,0.0,80.0,2880.0,250.0,30.0,0.1,0.05,299
Ir,,,100.0,0.0,0.0,80.0,2880.0,250.0,30.0,0.1,0.05,315
Ir,La,Ba,33.33333333,33.33333333,33.33333333,25.0,0.0,1200.0,240.0,0.1,1.0,302
Ba,Ir,La,50.0,25.0,25.0,25.0,0.0,1200.0,240.0,0.1,1.0,312
Ir,La,Ba,40.0,40.0,20.0,25.0,0.0,1200.0,240.0,0.1,1.0,343
Ir,La,Ba,33.33333333,33.33333333,33.33333333,25.0,0.0,1000.0,240.0,0.1,1.0,317
Ir,La,Ba,33.33333333,33.33333333,33.33333333,25.0,0.0,1400.0,240.0,0.1,1.0,310
Os,Ir,,75.0,25.0,0.0,220.0,120.0,1100.0,10.0,0.1,0.0,303
Os,Ir,,50.0,50.0,0.0,220.0,120.0,1100.0,10.0,0.1,0.0,345
Os,Ir,,17.0,83.0,0.0,220.0,120.0,1100.0,10.0,0.1,0.0,363
Or,Ir,,91.0,9.0,0.0,220.0,120.0,1100.0,10.0,0.1,0.0,361
Ir,Os,,75.0,25.0,0.0,220.0,120.0,1100.0,10.0,0.1,0.0,369
W,Ru,,87.5,12.5,0.0,60.0,120.0,780.0,600.0,1.0,0.001446309,347
W,Ru,,87.5,12.5,0.0,60.0,120.0,780.0,600.0,1.0,0.002121957,339
W,Ru,,87.5,12.5,0.0,60.0,120.0,780.0,600.0,1.0,0.00302634,335
W,Ru,,87.5,12.5,0.0,60.0,120.0,780.0,600.0,1.0,0.004986423,324
Ir,Bi,,50.0,50.0,0.0,240.0,7200.0,25.0,0.0,2.0,0.402,318
Ru,,,100.0,0.0,0.0,25.0,0.0,350.0,3.0,1.0,0.03125,235
Ru,,,100.0,0.0,0.0,25.0,0.0,350.0,3.0,1.0,0.0615,222
Ru,,,100.0,0.0,0.0,25.0,0.0,350.0,3.0,1.0,0.125,210
Ru,,,100.0,0.0,0.0,25.0,0.0,350.0,3.0,1.0,0.25,199
Ru,,,100.0,0.0,0.0,25.0,0.0,350.0,3.0,1.0,0.375,190
Ru,,,100.0,0.0,0.0,25.0,0.0,350.0,180.0,1.0,0.125,221
Ir,,,100.0,0.0,0.0,90.0,600.0,25.0,0.0,0.1,0.0051,328
Ir,B,,55.35091791,44.64908209,0.0,90.0,600.0,25.0,0.0,0.1,0.0051,292
Ir,B,,55.35091791,44.64908209,0.0,90.0,600.0,25.0,0.0,0.1,0.0102,276
Ir,B,,55.35091791,44.64908209,0.0,90.0,600.0,25.0,0.0,0.1,0.051,256
Ru,,,100.0,0.0,0.0,90.0,600.0,25.0,0.0,0.1,0.0051,240
Ru,B,,55.35091791,44.64908209,0.0,90.0,600.0,25.0,0.0,0.1,0.0051,229
Li,Ir,,99.40694719,0.59305281,0.0,90.0,480.0,400.0,120.0,1.0,0.125,295
Na,Ir,,99.18286841,0.817131586,0.0,90.0,480.0,400.0,120.0,1.0,0.125,312
K,Ir,,98.95979758,1.040202418,0.0,90.0,480.0,400.0,120.0,1.0,0.125,377
Li,Ir,,99.40694719,0.59305281,0.0,90.0,480.0,400.0,120.0,1.0,0.025,338
Li,Ir,,99.40694719,0.59305281,0.0,90.0,480.0,400.0,120.0,1.0,0.05,312
Li,Ir,,99.40694719,0.59305281,0.0,90.0,480.0,400.0,120.0,1.0,0.25,273
Li,Ir,,99.40694719,0.59305281,0.0,90.0,480.0,400.0,120.0,1.0,0.5,266
Ir,,,100.0,0.0,0.0,160.0,720.0,25.0,0.0,0.1,0.02140127,290
Ir,Ce,,85.0,15.0,0.0,25.0,1440.0,500.0,60.0,1.0,0.024,270
Ir,Ce,,80.0,20.0,0.0,25.0,1440.0,500.0,60.0,1.0,0.024,224
Ir,Ce,,75.0,25.0,0.0,25.0,1440.0,500.0,60.0,1.0,0.024,238
Ru,Mn,,50.0,50.0,0.0,25.0,480.0,800.0,420.0,1.0,0.2,239
Ir,Pt,,90.0,10.0,0.0,25.0,720.0,550.0,120.0,1.0,0.1,379
Ir,Pt,,70.0,30.0,0.0,25.0,720.0,550.0,120.0,1.0,0.1,427
Ir,Pt,,50.0,50.0,0.0,25.0,720.0,550.0,120.0,1.0,0.1,446
Pt,Ir,,70.0,30.0,0.0,25.0,720.0,550.0,120.0,1.0,0.1,444
Pt,Ir,,90.0,10.0,0.0,25.0,720.0,550.0,120.0,1.0,0.1,393
Ir,,,100.0,0.0,0.0,25.0,720.0,550.0,120.0,1.0,0.1,403
Ru,Ir,,51.5780545,48.4219455,0.0,198.0,90.0,25.0,0.0,0.1,0.050955,284
Ir,Ru,,50.65544242,49.34455758,0.0,198.0,180.0,25.0,0.0,0.1,0.050955,342
Cr,Ru,,60.0,40.0,0.0,25.0,1080.0,450.0,240.0,1.0,0.283085,178
Cr,Ru,,60.0,40.0,0.0,25.0,1080.0,500.0,240.0,1.0,0.283085,176
Cr,Ru,,60.0,40.0,0.0,25.0,1080.0,550.0,240.0,1.0,0.283085,181
Cr,Ru,,60.0,40.0,0.0,25.0,1080.0,600.0,240.0,1.0,0.283085,187
Cr,Ru,,60.0,40.0,0.0,25.0,1080.0,650.0,240.0,1.0,0.283085,204
Cu,Ir,Co,88.8294914,8.029784533,3.140724068,270.0,30.0,25.0,0.0,0.1,0.096153846,304
Cu,Ir,Co,84.13099062,8.316396774,7.552612601,270.0,30.0,25.0,0.0,0.1,0.093023256,293
Fe,Co,,80.0,20.0,0.0,25.0,0.0,450.0,30.0,1.0,1.0,710
Fe,Co,,60.0,40.0,0.0,25.0,0.0,450.0,30.0,1.0,1.0,653
Co,Fe,,80.0,20.0,0.0,25.0,0.0,450.0,30.0,1.0,1.0,587
Ir,,,100.0,0.0,0.0,280.0,120.0,25.0,0.0,1.0,5.0,316
Ir,Fe,,75.0,25.0,0.0,280.0,120.0,25.0,0.0,1.0,5.0,287
Ir,Fe,,50.0,50.0,0.0,280.0,120.0,25.0,0.0,1.0,5.0,279
Fe,Ir,,75.0,25.0,0.0,280.0,120.0,25.0,0.0,1.0,5.0,296
Ir,,,100.0,0.0,0.0,300.0,120.0,25.0,0.0,0.5,0.092,336
Ir,Ni,,50.0,50.0,0.0,300.0,120.0,25.0,0.0,0.5,0.111224167,319
Ir,Ni,Fe,40.0,40.0,20.0,300.0,120.0,25.0,0.0,0.5,0.125742917,304
Ir,Ni,Fe,33.33333333,33.33333333,33.33333333,300.0,120.0,25.0,0.0,0.5,0.130117708,286
Fe,Ir,Ni,50.0,25.0,25.0,300.0,120.0,25.0,0.0,0.5,0.147669583,300
Ru,Mn,,82.9927883,17.0072117,0.0,230.0,180.0,25.0,0.0,1.0,0.10191,235
Ru,Mn,,82.9927883,17.0072117,0.0,230.0,180.0,25.0,0.0,1.0,0.10191,201
Ru,Mn,,82.9927883,17.0072117,0.0,230.0,180.0,25.0,0.0,1.0,0.10191,224
Ru,,,100.0,0.0,0.0,-77.0,2.0,250.0,0.0,6.0,0.75,297
Ru,,,100.0,0.0,0.0,-77.0,2.0,300.0,0.0,6.0,0.75,313
Ru,,,100.0,0.0,0.0,-77.0,2.0,300.0,0.0,6.0,0.43,282
Ru,,,100.0,0.0,0.0,-77.0,2.0,300.0,0.0,6.0,0.74,270
Ru,,,100.0,0.0,0.0,-77.0,2.0,350.0,0.0,6.0,0.72,273
Mn,,,100.0,0.0,0.0,160.0,720.0,25.0,0.0,1.0,0.3,901
Mn,Nb,,90.0,10.0,0.0,25.0,60.0,400.0,240.0,1.0,0.3,868
Mn,Nb,,80.0,20.0,0.0,25.0,60.0,400.0,240.0,1.0,0.3,767
Ru,,,100.0,0.0,0.0,180.0,180.0,25.0,0.0,0.1,0.12,224
Ru,,,100.0,0.0,0.0,180.0,780.0,25.0,0.0,0.1,0.12,236
Ru,,,100.0,0.0,0.0,180.0,180.0,25.0,0.0,0.1,0.12,269
Ir,,,100.0,0.0,0.0,150.0,240.0,25.0,0.0,1.0,0.14,314
Ir,,,100.0,0.0,0.0,150.0,240.0,25.0,0.0,1.0,0.14,305
Ir,,,100.0,0.0,0.0,150.0,240.0,25.0,0.0,1.0,0.14,283
Mn,Ir,Ce,74.45754127,21.22392134,4.318537394,150.0,720.0,400.0,300.0,0.1,0.081241565,325
Mn,Ir,Ce,71.37517754,20.34530187,8.279520595,150.0,720.0,400.0,300.0,0.1,0.075942783,311
Mn,Ir,Ce,68.53787385,19.5365361,11.92559005,150.0,720.0,400.0,300.0,0.1,0.070712401,296
Mn,Ir,Ce,65.91752267,18.78961207,15.29286526,150.0,720.0,400.0,300.0,0.1,0.065425532,273
Y,Ir,,54.54545455,45.45454545,0.0,80.0,420.0,550.0,120.0,1.0,0.026315789,417
Y,Ir,,54.54545455,45.45454545,0.0,80.0,420.0,550.0,120.0,0.1,0.026315789,354
Co,,,100.0,0.0,0.0,25.0,0.0,600.0,180.0,0.1,0.254777,485
Co,Ru,,94.60817912,5.391820882,0.0,25.0,0.0,600.0,180.0,0.1,0.254777,390
Co,Ru,,87.25701944,12.74298056,0.0,25.0,0.0,600.0,180.0,0.1,0.254777,323
Co,Ru,,79.97737557,20.02262443,0.0,25.0,0.0,600.0,180.0,0.1,0.254777,340
Co,Ru,,71.97149644,28.02850356,0.0,25.0,0.0,600.0,180.0,0.1,0.254777,408
Co,Ru,,87.25701944,12.74298056,0.0,25.0,0.0,150.0,180.0,0.1,0.254777,320
Co,Ru,,87.25701944,12.74298056,0.0,25.0,0.0,300.0,180.0,0.1,0.254777,297
Co,Ru,,87.25701944,12.74298056,0.0,25.0,0.0,400.0,180.0,0.1,0.254777,351
Co,Ru,,87.25701944,12.74298056,0.0,25.0,0.0,500.0,180.0,0.1,0.254777,376
Mn,Ir,,98.24196974,1.758030259,0.0,25.0,2880.0,220.0,360.0,1.0,4.0,288
Mn,Ir,,96.56070815,3.439291852,0.0,25.0,2880.0,220.0,360.0,1.0,4.0,273
Mn,Ir,,92.87606458,7.123935422,0.0,25.0,2880.0,220.0,360.0,1.0,4.0,253
Mn,Ir,,84.12074528,15.87925472,0.0,25.0,2880.0,220.0,360.0,1.0,4.0,222
Mn,Ir,,68.10205724,31.89794276,0.0,25.0,2880.0,220.0,360.0,1.0,4.0,242
Mn,Ir,,59.14283212,40.85716788,0.0,25.0,2880.0,220.0,360.0,1.0,4.0,252
Mn,Ir,,55.31858765,44.68141235,0.0,25.0,2880.0,220.0,360.0,1.0,4.0,263
Cu,Rh,,59.20792079,40.79207921,0.0,180.0,240.0,200.0,240.0,1.0,0.1528662,391
Rh,Cu,,66.3,33.7,0.0,180.0,240.0,200.0,240.0,1.0,0.1528662,375
Rh,Cu,,76.26,23.74,0.0,180.0,240.0,200.0,240.0,1.0,0.1528662,340
Ir,,,100.0,0.0,0.0,150.0,240.0,250.0,0.0,1.0,0.14,299
Ir,,,100.0,0.0,0.0,25.0,0.0,800.0,60.0,0.1,0.02502,264
Ir,Sb,,50.0,50.0,0.0,80.0,5.0,550.0,5.0,1.0,2.0,420
Sb,Ir,Co,50.0,35.0,15.0,80.0,5.0,550.0,5.0,1.0,2.0,433
Sb,Ir,Co,50.0,25.0,25.0,80.0,5.0,550.0,5.0,1.0,2.0,410
Sb,Co,Ir,50.0,35.0,15.0,80.0,5.0,550.0,5.0,1.0,2.0,417
Ru,Ir,,66.66666667,33.33333333,0.0,80.0,600.0,600.0,120.0,1.0,0.35,251
Ru,Ir,,50.0,50.0,0.0,80.0,600.0,600.0,120.0,1.0,0.35,241
Ir,Ru,,66.66666667,33.33333333,0.0,80.0,600.0,600.0,120.0,1.0,0.35,260
Ir,,,100.0,0.0,0.0,80.0,600.0,600.0,120.0,1.0,0.35,317
S,Ni,Fe,98.70317008,0.775682289,0.521147635,25.0,120.0,1000.0,120.0,1.0,0.4,547
Sr,Ir,,80.0,20.0,0.0,25.0,0.0,1200.0,30.0,0.1,0.266666667,287
Sr,Ir,,66.66666667,33.33333333,0.0,25.0,0.0,1200.0,30.0,0.1,0.18,286
Sr,Ir,,50.0,50.0,0.0,25.0,0.0,900.0,720.0,0.1,0.136666667,353
Ir,,,100.0,0.0,0.0,25.0,0.0,900.0,720.0,0.1,0.093333333,396
Sr,Ir,,80.0,20.0,0.0,25.0,0.0,1200.0,30.0,1.0,0.266666667,342
Sr,Ir,,66.66666667,33.33333333,0.0,25.0,0.0,1200.0,30.0,1.0,0.18,291
Sr,Ir,,50.0,50.0,0.0,25.0,0.0,900.0,720.0,1.0,0.136666667,378
Ir,,,100.0,0.0,0.0,25.0,0.0,900.0,720.0,1.0,0.093333333,442
Ru,Pd,,88.49557522,11.50442478,0.0,135.0,1200.0,25.0,0.0,0.1,0.407643312,225
Ir,Mn,,90.0,10.0,0.0,220.0,720.0,400.0,720.0,0.1,0.2,318
Ir,Mn,,80.0,20.0,0.0,220.0,720.0,400.0,720.0,0.1,0.2,309
Ir,Mn,,70.0,30.0,0.0,220.0,720.0,400.0,720.0,0.1,0.2,323
Ir,Mn,,60.0,40.0,0.0,220.0,720.0,400.0,720.0,0.1,0.2,302
Mn,Ir,,60.0,40.0,0.0,220.0,720.0,400.0,720.0,0.1,0.2,286
Mn,Ir,,70.0,30.0,0.0,220.0,720.0,400.0,720.0,0.1,0.2,292
Mn,Ir,,87.58484782,12.41515218,0.0,200.0,480.0,200.0,480.0,0.1,0.2,340
Ir,,,100.0,0.0,0.0,200.0,120.0,25.0,0.0,1.0,0.05,264
Ir,,,100.0,0.0,0.0,25.0,240.0,25.0,0.0,1.0,0.05,288
Ti,Ir,,83.14321322,16.85678678,0.0,80.0,360.0,400.0,60.0,1.0,0.035258784,236
Ir,Ru,,50.0,50.0,0.0,80.0,60.0,450.0,60.0,1.0,0.379,312
Ir,Ru,,66.66666667,33.33333333,0.0,80.0,60.0,450.0,60.0,1.0,0.379,299
Ir,Ru,,75.0,25.0,0.0,80.0,60.0,450.0,60.0,1.0,0.379,281
Ir,Ru,,80.0,20.0,0.0,80.0,60.0,450.0,60.0,1.0,0.379,301
Ir,,,100.0,0.0,0.0,25.0,10.0,450.0,60.0,1.0,0.379,317
Ir,Ru,,75.0,25.0,0.0,25.0,10.0,450.0,60.0,1.0,0.379,293
Ir,Ru,,75.0,25.0,0.0,80.0,60.0,450.0,60.0,1.0,0.279,291
Ir,Ru,,75.0,25.0,0.0,80.0,60.0,450.0,60.0,1.0,0.179,304
Ir,Ru,,75.0,25.0,0.0,80.0,60.0,450.0,60.0,1.0,0.1,316
Ir,Ru,,75.0,25.0,0.0,80.0,60.0,450.0,60.0,1.0,0.079,324
Ru,,,100.0,0.0,0.0,190.0,720.0,300.0,120.0,1.0,0.0135,431
Ru,Cu,,50.0,50.0,0.0,190.0,720.0,300.0,120.0,1.0,0.0135,270
Ru,Au,,66.66666667,33.33333333,0.0,140.0,1200.0,25.0,0.0,0.1,0.4076433,220
Ru,W,,90.0,10.0,0.0,80.0,720.0,400.0,120.0,1.0,0.33,224
Ru,W,,80.0,20.0,0.0,80.0,720.0,400.0,120.0,1.0,0.33,213
Ru,W,,70.0,30.0,0.0,80.0,720.0,400.0,120.0,1.0,0.33,213
Ru,Er,,90.0,10.0,0.0,80.0,720.0,400.0,120.0,1.0,0.33,193
Ru,W,Er,70.0,20.0,10.0,80.0,720.0,400.0,120.0,1.0,0.33,168
Ru,W,Er,60.0,20.0,20.0,80.0,720.0,400.0,120.0,1.0,0.33,174
Ru,,,100.0,0.0,0.0,25.0,30.0,300.0,120.0,1.0,0.0028,267
Ir,Ni,,72.53445334,27.46554666,0.0,200.0,300.0,25.0,0.0,1.0,0.188461538,329
Ir,Ni,,72.53445334,27.46554666,0.0,190.0,300.0,25.0,0.0,1.0,0.188461538,318
Ir,Ni,,72.53445334,27.46554666,0.0,180.0,300.0,25.0,0.0,1.0,0.188461538,315
Ru,,,100.0,0.0,0.0,160.0,30.0,25.0,0.0,0.1,0.0246,223
Ru,Pt,,90.0,10.0,0.0,160.0,30.0,25.0,0.0,0.1,0.0246,208
Ru,Pt,,90.0,10.0,0.0,160.0,30.0,400.0,120.0,0.1,0.0246,248
Ti,Ir,,98.32884097,1.67115903,0.0,160.0,180.0,25.0,0.0,1.0,0.01895,429
Ti,Ir,,94.60869565,5.391304348,0.0,160.0,180.0,25.0,0.0,1.0,0.05685,324
Ti,Ir,,87.84313725,12.15686275,0.0,160.0,180.0,25.0,0.0,1.0,0.1137,293
Ti,Ir,,82.28571429,17.71428571,0.0,160.0,180.0,25.0,0.0,1.0,0.1516,284
Ti,Ir,,75.59055118,24.40944882,0.0,160.0,180.0,25.0,0.0,1.0,0.1895,274
Ti,Ir,,67.36842105,32.63157895,0.0,160.0,180.0,25.0,0.0,1.0,0.2274,265
Ti,Ir,,57.02970297,42.97029703,0.0,160.0,180.0,25.0,0.0,1.0,0.2653,270
Ti,Ir,,67.36842105,32.63157895,0.0,160.0,180.0,25.0,0.0,1.0,0.1674,275
Ti,Ir,,67.36842105,32.63157895,0.0,160.0,180.0,25.0,0.0,1.0,0.1074,285
Ti,Ir,,67.36842105,32.63157895,0.0,160.0,180.0,25.0,0.0,1.0,0.0474,294
Ba,Ir,Pr,50.0,37.5,12.5,25.0,0.0,1150.0,1440.0,0.1,0.562,278
Ba,Ir,Bi,50.0,37.5,12.5,25.0,0.0,900.0,1440.0,0.1,0.562,297
Ba,Ir,Nb,50.0,37.5,12.5,25.0,0.0,1150.0,1440.0,0.1,0.562,334
Ru,Ir,,92.0,8.0,0.0,220.0,180.0,25.0,0.0,1.0,0.05,165
Ru,Ir,,92.0,8.0,0.0,230.0,180.0,25.0,0.0,1.0,0.05,242
Ru,Ir,,92.0,8.0,0.0,220.0,180.0,25.0,0.0,0.1,0.05,170
Ru,Ir,,92.0,8.0,0.0,230.0,180.0,25.0,0.0,0.1,0.05,181
Ru,Ir,,92.0,8.0,0.0,230.0,180.0,500.0,5.0,1.0,0.05,284
Sr,Ir,,88.86129964,11.13870036,0.0,150.0,720.0,700.0,360.0,1.0,0.9,248
Ir,,,100.0,0.0,0.0,80.0,300.0,150.0,60.0,1.0,0.0091,250
Ir,,,100.0,0.0,0.0,80.0,300.0,400.0,60.0,1.0,0.0091,290
Ru,,,100.0,0.0,0.0,90.0,180.0,400.0,60.0,1.0,0.18,310
Ru,Ir,,80.0,20.0,0.0,90.0,180.0,400.0,60.0,1.0,0.18,362
Ir,Ru,,80.0,20.0,0.0,90.0,180.0,400.0,60.0,1.0,0.18,399
Sn,Ir,Sb,76.94549085,16.33986928,6.714639868,160.0,30.0,250.0,120.0,0.1,0.0102,435
Ir,,,100.0,0.0,0.0,160.0,30.0,250.0,120.0,0.1,0.0102,454
Ir,,,100.0,0.0,0.0,60.0,30.0,400.0,5.0,1.0,0.042,236
Ir,Pr,,50.0,50.0,0.0,100.0,0.0,900.0,1440.0,0.1,0.057,298
Ir,Nd,,50.0,50.0,0.0,100.0,0.0,900.0,1440.0,0.1,0.057,325
Ir,Gd,,50.0,50.0,0.0,100.0,0.0,900.0,1440.0,0.1,0.057,354
Ir,Tb,,50.0,50.0,0.0,100.0,0.0,900.0,1440.0,0.1,0.057,387
Ir,Ho,,50.0,50.0,0.0,100.0,0.0,900.0,1440.0,0.1,0.057,409
Ir,,,100.0,0.0,0.0,25.0,480.0,450.0,120.0,1.0,0.816,334
Ir,Mo,,50.0,50.0,0.0,25.0,480.0,400.0,120.0,1.0,0.816,284
Ir,Mo,,50.0,50.0,0.0,25.0,480.0,450.0,120.0,1.0,0.816,267
Ir,Mo,,50.0,50.0,0.0,25.0,480.0,500.0,120.0,1.0,0.816,321
Ir,Mo,,66.66666667,33.33333333,0.0,25.0,480.0,450.0,120.0,1.0,0.816,432
Ir,Mo,,33.33333333,66.66666667,0.0,25.0,480.0,450.0,120.0,1.0,0.816,440
Zr,Ru,Co,99.45148038,0.274259811,0.274259811,120.0,1440.0,800.0,180.0,1.0,0.00204,232
Zr,Co,Ru,99.17947095,0.547019368,0.273509684,120.0,1440.0,800.0,180.0,1.0,0.00204,249
Zr,Ru,Co,99.58804537,0.27463642,0.13731821,120.0,1440.0,800.0,180.0,1.0,0.00204,241
Zr,Ru,Co,99.45148038,0.274259811,0.274259811,120.0,1440.0,700.0,180.0,1.0,0.00204,257
Zr,Ru,Co,99.45148038,0.274259811,0.274259811,120.0,1440.0,900.0,180.0,1.0,0.00204,244
Ru,,,100.0,0.0,0.0,180.0,1080.0,400.0,60.0,1.0,0.101910828,260
Ru,,,100.0,0.0,0.0,25.0,60.0,500.0,60.0,1.0,0.101910828,280
Ru,,,100.0,0.0,0.0,120.0,480.0,350.0,720.0,1.0,0.138857142,260
Pd,Ru,,50.0,50.0,0.0,200.0,720.0,400.0,240.0,0.1,0.04076,225
Pd,Ru,,66.66666667,33.33333333,0.0,200.0,720.0,400.0,240.0,0.1,0.04076,284
Pd,Ru,,50.0,50.0,0.0,200.0,720.0,400.0,240.0,0.1,0.008152,258
Pd,Ru,,66.66666667,33.33333333,0.0,200.0,720.0,400.0,240.0,0.1,0.008152,287
Cu,Pt,Ru,71.4,25.2,3.4,200.0,720.0,400.0,720.0,0.1,0.054944205,280
Cu,Pt,Ru,48.1,46.3,5.6,200.0,720.0,400.0,720.0,0.1,0.043018388,250
Pt,Cu,Ru,68.7,23.1,8.2,200.0,720.0,400.0,720.0,0.1,0.036404192,220
Ru,Ir,,90.0,10.0,0.0,25.0,240.0,400.0,60.0,1.0,0.38,270
Sr,Ir,,88.86129964,11.13870036,0.0,150.0,720.0,500.0,180.0,0.1,0.45,252
Sr,Ir,Co,87.88240387,11.01599648,1.101599648,150.0,720.0,500.0,180.0,0.1,0.45,238
Sr,Ir,Co,87.40099932,10.95565276,1.643347914,150.0,720.0,500.0,180.0,0.1,0.45,247
Sr,Ir,Co,86.92484014,10.89596655,2.17919331,150.0,720.0,500.0,180.0,0.1,0.45,234
Sr,Ir,Co,86.45384106,10.83692715,2.709231788,150.0,720.0,500.0,180.0,0.1,0.45,284
Sr,Ir,Co,85.98791866,10.77852411,3.233557233,150.0,720.0,500.0,180.0,0.1,0.45,289
Sr,Ir,Fe,86.92484014,10.89596655,2.17919331,150.0,720.0,500.0,180.0,0.1,0.45,290
Sr,Ir,Ni,86.92484014,10.89596655,2.17919331,150.0,720.0,500.0,180.0,0.1,0.45,263
Sr,Ir,Cu,86.92484014,10.89596655,2.17919331,150.0,720.0,500.0,180.0,0.1,0.45,251
Sr,Ir,Zn,86.92484014,10.89596655,2.17919331,150.0,720.0,500.0,180.0,0.1,0.45,275
Mn,Ru,,58.13953488,41.86046512,0.0,25.0,60.0,350.0,120.0,1.0,0.28,238
Mn,Ru,,55.55555556,44.44444444,0.0,25.0,60.0,350.0,120.0,1.0,0.28,208
Mn,Ru,,53.19148936,46.80851064,0.0,25.0,60.0,350.0,120.0,1.0,0.28,218
Mn,Ru,,55.55555556,44.44444444,0.0,25.0,60.0,350.0,180.0,1.0,0.28,226
Mn,Ru,,55.55555556,44.44444444,0.0,25.0,60.0,350.0,300.0,1.0,0.28,285
Mn,Ir,,55.55555556,44.44444444,0.0,25.0,60.0,350.0,120.0,1.0,0.28,309
Sr,Ru,,50.0,50.0,0.0,140.0,0.0,800.0,720.0,0.1,0.5,186
Sr,Ru,K,50.0,47.5,2.5,140.0,0.0,950.0,720.0,0.1,0.5,138
Sr,Ru,K,50.0,45.0,5.0,140.0,0.0,950.0,720.0,0.1,0.5,152
Sr,Ru,K,50.0,40.0,10.0,140.0,0.0,950.0,720.0,0.1,0.5,143
Sr,Ir,Ni,50.0,25.0,25.0,140.0,0.0,900.0,3600.0,0.1,0.255,295
Sr,Ir,Co,50.0,25.0,25.0,140.0,0.0,1100.0,720.0,0.1,0.255,305
Sr,Ir,Fe,50.0,25.0,25.0,140.0,0.0,1100.0,720.0,0.1,0.255,330
Sr,Ir,Sc,50.0,25.0,25.0,140.0,0.0,1100.0,720.0,0.1,0.255,420
Ir,,,100.0,0.0,0.0,30.0,2880.0,25.0,0.0,0.1,0.00392,309
Ir,,,100.0,0.0,0.0,60.0,2880.0,25.0,0.0,0.1,0.00392,301
Ir,,,100.0,0.0,0.0,80.0,2880.0,25.0,0.0,0.1,0.00392,287
Ir,,,100.0,0.0,0.0,100.0,2880.0,25.0,0.0,0.1,0.00392,285
Ir,,,100.0,0.0,0.0,230.0,120.0,300.0,60.0,0.1,0.0093,305
Sr,Co,Ir,50.0,45.0,5.0,25.0,0.0,1100.0,720.0,0.1,0.25477707,304
S,Ta,,66.66666667,33.33333333,0.0,25.0,0.0,750.0,20160.0,1.0,1.0,556
S,Ta,,66.66666667,33.33333333,0.0,25.0,0.0,900.0,20160.0,1.0,1.0,462
Sr,Ir,,78.19677705,21.80322295,0.0,150.0,720.0,700.0,360.0,1.0,0.2264,269
Sr,Ir,S,73.28657643,20.43413585,6.279287723,150.0,720.0,700.0,360.0,1.0,0.2264,228
Mn,Ir,F,73.73271889,18.43317972,7.834101382,25.0,60.0,400.0,240.0,2.0,0.3,218
Mn,Ir,,80.0,20.0,0.0,25.0,60.0,400.0,240.0,2.0,0.3,232
Ir,,,100.0,0.0,0.0,25.0,120.0,500.0,60.0,2.0,0.3,266
Ir,F,,92.16589862,7.834101382,0.0,25.0,120.0,500.0,60.0,2.0,0.3,247
Pd,Ir,,94.62236307,5.377636925,0.0,190.0,60.0,25.0,0.0,0.1,0.109677419,300
Pd,Ir,,89.34911463,10.65088537,0.0,190.0,60.0,25.0,0.0,0.1,0.057627119,286
Pd,Ir,,83.91236212,16.08763788,0.0,190.0,60.0,25.0,0.0,0.1,0.039688716,263
Pd,Ir,,78.55465301,21.44534699,0.0,190.0,60.0,25.0,0.0,0.1,0.030909091,289
Pd,Ir,,83.91236212,16.08763788,0.0,190.0,60.0,25.0,0.0,0.1,0.079377432,245
Ir,Pt,,95.23809524,4.761904762,0.0,100.0,720.0,25.0,0.0,0.1,0.0972,277
Ir,Pt,,83.33333333,16.66666667,0.0,100.0,720.0,25.0,0.0,0.1,0.097,0
Sr,Ir,,50.0,50.0,0.0,25.0,300.0,900.0,1080.0,2.0,0.038216561,354
Sr,Ir,,50.0,50.0,0.0,25.0,0.0,900.0,1080.0,2.0,0.038216561,282
Ir,,,100.0,0.0,0.0,160.0,300.0,25.0,0.0,0.1,0.0125,298
Ir,Fe,,50.0,50.0,0.0,200.0,300.0,25.0,0.0,0.1,0.0125,305
Ir,Co,,50.0,50.0,0.0,200.0,300.0,25.0,0.0,0.1,0.0125,308
Ir,Ni,,66.66666667,33.33333333,0.0,180.0,300.0,25.0,0.0,0.1,0.0125,282
Ir,Ni,,50.0,50.0,0.0,180.0,300.0,25.0,0.0,0.1,0.0125,280
Ni,Ir,,60.0,40.0,0.0,180.0,300.0,25.0,0.0,0.1,0.0125,301
La,Ir,,66.66584982,33.33415018,0.0,25.0,0.0,1000.0,240.0,0.1,0.47157,318
La,Ir,,66.66584982,33.33415018,0.0,25.0,0.0,1200.0,240.0,0.1,0.47157,295
La,Ir,,66.66584982,33.33415018,0.0,25.0,0.0,1400.0,240.0,0.1,0.47157,324
Mn,Br,,70.96284297,29.03715703,0.0,25.0,0.0,250.0,300.0,1.0,7.184,295
Mn,Cl,,72.54086181,27.45913819,0.0,25.0,0.0,250.0,300.0,1.0,7.032,368
Mn,,,100.0,0.0,0.0,25.0,0.0,250.0,300.0,1.0,6.112,413
Ir,Te,,71.34375262,28.65624738,0.0,190.0,60.0,25.0,0.0,0.1,0.0255,290
Ir,Ni,Cu,33.33333333,33.33333333,33.33333333,260.0,40.0,25.0,0.0,0.1,0.019267823,318
Ni,Ir,Cu,61.53846154,30.76923077,7.692307692,260.0,40.0,25.0,0.0,0.1,0.019379845,308
Ni,Ir,Cu,50.0,25.0,25.0,260.0,40.0,25.0,0.0,0.1,0.011402509,307
Ir,,,100.0,0.0,0.0,25.0,30.0,400.0,15.0,0.1,0.089681528,248
Ir,,,100.0,0.0,0.0,25.0,30.0,450.0,15.0,0.1,0.089681528,247
Ir,,,100.0,0.0,0.0,25.0,30.0,500.0,15.0,0.1,0.089681528,299
Ir,,,100.0,0.0,0.0,25.0,30.0,550.0,15.0,0.1,0.089681528,304
Ir,Ru,,70.0,30.0,0.0,25.0,30.0,450.0,15.0,0.1,0.089681528,193
Ti,W,Ir,60.4901321,25.92434233,13.58552558,180.0,120.0,25.0,0.0,1.0,0.026751592,360
Ti,W,Ir,55.13943102,23.63118472,21.22938425,180.0,120.0,25.0,0.0,1.0,0.030573248,384
Ir,,,100.0,0.0,0.0,25.0,0.1666666,400.0,240.0,2.0,0.3,438
Ir,F,,96.15384615,3.846153846,0.0,25.0,0.1666666,400.0,240.0,2.0,0.3,431
Ir,F,,92.16589862,7.834101382,0.0,25.0,0.1666666,400.0,240.0,2.0,0.3,424
Ir,F,,87.71929825,12.28070175,0.0,25.0,0.1666666,400.0,240.0,2.0,0.3,409
Ir,F,,84.03361345,15.96638655,0.0,25.0,0.1666666,400.0,240.0,2.0,0.3,402
Ir,F,,75.18796992,24.81203008,0.0,25.0,0.1666666,400.0,240.0,2.0,0.3,417
Sn,Ir,,80.0,20.0,0.0,25.0,0.1666666,400.0,240.0,2.0,0.3,360
Sn,Ir,F,76.92307692,19.23076923,3.846153846,25.0,0.1666666,400.0,240.0,2.0,0.3,339
Sn,Ir,F,73.73271889,18.43317972,7.834101382,25.0,0.1666666,400.0,240.0,2.0,0.3,312
Sn,Ir,F,70.1754386,17.54385965,12.28070175,25.0,0.1666666,400.0,240.0,2.0,0.3,342
Ta,Ir,F,76.92307692,19.23076923,3.846153846,25.0,0.1666666,400.0,240.0,2.0,0.3,579
Ta,Ir,F,73.73271889,18.43317972,7.834101382,25.0,0.1666666,400.0,240.0,2.0,0.3,536
Ru,,,100.0,0.0,0.0,25.0,0.1666666,500.0,240.0,2.0,0.3,292
Sn,Ru,F,80.0,20.0,0.0,25.0,0.1666666,500.0,240.0,2.0,0.3,328
Sn,Ru,F,80.0,20.0,0.0,25.0,0.1666666,500.0,240.0,2.0,0.3,313
Sn,Ru,F,80.0,20.0,0.0,25.0,0.1666666,500.0,240.0,2.0,0.3,289
Nb,Ir,,75.0,25.0,0.0,75.0,1440.0,400.0,240.0,2.0,0.3,289
Nb,Ir,F,69.12442396,23.04147465,7.834101382,75.0,1440.0,400.0,240.0,2.0,0.3,262
Mn,Ir,F,73.73271889,18.43317972,7.834101382,25.0,0.1666666,400.0,240.0,2.0,0.3,232
Mn,Ir,F,64.51612903,27.64976959,7.834101382,25.0,0.1666666,400.0,240.0,2.0,0.3,224
Mn,Ir,F,55.29953917,36.86635945,7.834101382,25.0,0.1666666,400.0,240.0,2.0,0.3,217
Mn,Ir,,70.0,30.0,0.0,25.0,0.1666666,400.0,240.0,2.0,0.3,222
Nb,Sn,Ir,35.0,35.0,30.0,25.0,0.1666666,500.0,240.0,2.0,0.3,352
Co,,,100.0,0.0,0.0,25.0,240.0,350.0,240.0,1.0,5.04,385
Co,,,100.0,0.0,0.0,25.0,240.0,350.0,300.0,1.0,5.04,368
Co,,,100.0,0.0,0.0,25.0,240.0,350.0,60.0,1.0,5.04,372
Ru,Y,Zn,63.22874558,34.02104156,2.750212861,85.0,480.0,1050.0,720.0,1.0,0.2038216,290
Ru,Y,,65.01684727,34.98315273,0.0,85.0,480.0,1050.0,720.0,1.0,0.2038216,370
Ir,,,100.0,0.0,0.0,250.0,720.0,500.0,300.0,0.1,0.2,364
Ir,F,,66.66666667,33.33333333,0.0,250.0,720.0,500.0,300.0,0.1,0.2,331
Ir,F,,50.0,50.0,0.0,250.0,720.0,500.0,300.0,0.1,0.2,349
Ir,Ru,,70.0,30.0,0.0,25.0,330.0,490.0,30.0,0.1,0.06,362
Ir,,,100.0,0.0,0.0,60.0,1080.0,400.0,120.0,1.0,0.994718395,269
Ir,Sn,,80.0,20.0,0.0,60.0,1080.0,400.0,120.0,1.0,0.994718395,283
Ir,Sn,,60.0,40.0,0.0,60.0,1080.0,400.0,120.0,1.0,0.994718395,276
Ir,Cu,,52.63157895,47.36842105,0.0,200.0,300.0,25.0,0.0,0.1,0.078,346
Cu,Ir,,58.33333333,41.66666667,0.0,200.0,300.0,25.0,0.0,0.1,0.088,350
Cu,Ir,,69.6969697,30.3030303,0.0,200.0,300.0,25.0,0.0,0.1,0.106,358
Ir,Cu,,52.63157895,47.36842105,0.0,200.0,300.0,25.0,0.0,0.1,0.078,323
Cu,Ir,,58.33333333,41.66666667,0.0,200.0,300.0,25.0,0.0,0.1,0.088,312
Cu,Ir,,69.6969697,30.3030303,0.0,200.0,300.0,25.0,0.0,0.1,0.106,311
Ti,Ir,,91.55313351,8.446866485,0.0,80.0,60.0,25.0,0.0,1.0,0.063697513,347
Ti,Ir,,88.94003913,11.05996087,0.0,80.0,60.0,25.0,0.0,1.0,0.078984916,323
Ti,Ir,,84.42211055,15.57788945,0.0,80.0,60.0,25.0,0.0,1.0,0.10191602,333
Ti,Ir,,78.32167832,21.67832168,0.0,80.0,60.0,25.0,0.0,1.0,0.129942926,336
Fe,,,100.0,0.0,0.0,200.0,0.036666667,400.0,30.0,1.0,1.0,653
Fe,,,100.0,0.0,0.0,200.0,0.036666667,400.0,30.0,1.0,1.0,617
Ir,,,100.0,0.0,0.0,25.0,0.0,200.0,120.0,0.1,0.06,326
Os,Ir,,75.0,25.0,0.0,25.0,0.0,1100.0,1.166666667,0.1,0.0503,302
Co,Ir,,50.0,50.0,0.0,25.0,0.0,1100.0,1.166666667,0.1,0.0258,345
Co,Ir,,75.0,25.0,0.0,25.0,0.0,1100.0,1.166666667,0.1,0.0258,289
Co,Ir,,83.33333333,16.66666667,0.0,25.0,0.0,1100.0,1.166666667,0.1,0.0258,288
Co,Ir,,90.90909091,9.090909091,0.0,25.0,0.0,300.0,180.0,0.1,0.0258,306
Co,Ir,,75.0,25.0,0.0,25.0,0.0,200.0,120.0,0.1,0.06,300
Co,Ir,,96.59042066,3.409579345,0.0,25.0,240.0,600.0,120.0,1.0,0.226,523
Co,Ir,,96.59042066,3.409579345,0.0,25.0,240.0,700.0,120.0,1.0,0.226,383
Co,Ir,,96.59042066,3.409579345,0.0,25.0,240.0,850.0,120.0,1.0,0.226,365
P,Rh,,87.01298701,12.98701299,0.0,180.0,720.0,185.0,720.0,1.0,0.004256796,548
Rh,,,100.0,0.0,0.0,185.0,90.0,185.0,720.0,1.0,0.0037,592
Co,Ir,,76.4940239,23.5059761,0.0,35.0,30.0,25.0,0.0,2.0,0.212206591,280
Co,Ir,,61.93548387,38.06451613,0.0,35.0,30.0,25.0,0.0,2.0,0.212206591,294
Co,Ir,,86.68171558,13.31828442,0.0,35.0,30.0,25.0,0.0,2.0,0.212206591,311
Cu,Co,Ir,50.0,25.0,25.0,270.0,30.0,25.0,0.0,0.1,0.044195736,293
K,Ir,,97.7807677,2.219232304,0.0,150.0,360.0,600.0,360.0,0.1,0.2,355
K,Ir,,97.7807677,2.219232304,0.0,150.0,480.0,600.0,360.0,0.1,0.2,350
K,Ir,,97.7807677,2.219232304,0.0,200.0,360.0,600.0,360.0,0.1,0.2,374
Mn,Ir,,94.93,5.07,0.0,25.0,20.0,400.0,240.0,0.1,0.029826858,316
Mn,Ir,,95.01,4.99,0.0,25.0,20.0,400.0,240.0,0.1,0.029382951,337
Mn,Ir,,95.16,4.84,0.0,25.0,20.0,400.0,240.0,0.1,0.028548443,353
Mn,Ir,,95.05,4.95,0.0,25.0,20.0,400.0,240.0,0.1,0.029160695,372
Ir,,,100.0,0.0,0.0,25.0,60.0,190.0,30.0,1.0,0.0028,321
Ir,,,100.0,0.0,0.0,25.0,60.0,190.0,30.0,1.0,0.0056,302
Ir,,,100.0,0.0,0.0,25.0,60.0,190.0,30.0,1.0,0.0084,292
Ir,,,100.0,0.0,0.0,25.0,60.0,190.0,30.0,1.0,0.0112,287
Ir,,,100.0,0.0,0.0,25.0,60.0,190.0,30.0,1.0,0.014,284
Ti,Ir,Nb,85.71428571,14.28571429,0.0,25.0,30.0,500.0,60.0,0.1,0.229394242,335
Ti,Ir,Nb,80.8988764,14.843288,4.2578356,25.0,30.0,500.0,60.0,0.1,0.229394242,315
Ti,Ir,Nb,76.14571093,15.39365452,8.460634548,25.0,30.0,500.0,60.0,0.1,0.229394242,316
Ti,Nb,Ir,66.82134571,16.47331787,16.70533643,25.0,30.0,500.0,60.0,0.1,0.229394242,306
Co,Ni,Ir,65.18998557,32.59499279,2.215021644,25.0,15.0,300.0,120.0,1.0,1.501,240
Co,Ni,Ir,65.18998557,32.59499279,2.215021644,25.0,15.0,400.0,120.0,1.0,1.501,319
Co,Ni,Ir,65.18998557,32.59499279,2.215021644,25.0,15.0,500.0,120.0,1.0,1.501,342
Co,Ir,,96.71386187,3.28613813,0.0,25.0,15.0,300.0,120.0,1.0,1.501,278
Ni,Ir,,96.71386187,3.28613813,0.0,25.0,15.0,300.0,120.0,1.0,1.501,518
Fe,Co,Ir,65.18998557,32.59499279,2.215021644,25.0,15.0,300.0,120.0,1.0,1.501,385
Fe,Ni,Ir,65.18998557,32.59499279,2.215021644,25.0,15.0,300.0,120.0,1.0,1.501,330
Fe,Pd,Ir,98.71417836,0.824776271,0.461045373,95.0,150.0,25.0,0.0,0.1,0.014060742,226
Fe,Pd,Ir,98.71417836,0.824776271,0.461045373,95.0,150.0,25.0,0.0,0.1,0.084364454,192
Ir,Zr,,63.9151002,36.0848998,0.0,80.0,1440.0,25.0,0.0,0.1,0.48,516
Ir,Zr,,63.9151002,36.0848998,0.0,80.0,1440.0,25.0,0.0,0.1,0.3912,523
Ir,Zr,,63.9151002,36.0848998,0.0,80.0,1440.0,25.0,0.0,0.1,0.33984,433
Ir,Zr,,63.9151002,36.0848998,0.0,80.0,1440.0,25.0,0.0,0.1,0.25488,534
Ir,,,100.0,0.0,0.0,25.0,480.0,900.0,120.0,1.0,0.048462,290
Ti,Ir,Nb,88.3550731,6.994659897,4.650267005,80.0,60.0,200.0,60.0,1.0,0.04331209,416
Ti,Ir,Nb,87.91394816,7.45900194,4.627049903,80.0,60.0,200.0,60.0,1.0,0.04585986,387
Ti,Ir,Nb,86.08458885,9.384643311,4.530767834,80.0,60.0,200.0,60.0,1.0,0.05605094,354
Ti,Ir,Nb,84.14438003,11.42696839,4.42865158,80.0,60.0,200.0,60.0,1.0,0.06624202,323
Ti,Ir,Nb,80.45028143,15.31549324,4.234225338,80.0,60.0,200.0,60.0,1.0,0.084076433,304
Ir,,,100.0,0.0,0.0,80.0,60.0,200.0,60.0,1.0,0.25477707,301
La,Ru,,79.9865196,20.0134804,0.0,120.0,600.0,400.0,120.0,1.0,1.0,208
La,Ru,,79.9865196,20.0134804,0.0,120.0,600.0,300.0,120.0,1.0,1.0,245
La,Ru,,79.9865196,20.0134804,0.0,120.0,600.0,500.0,120.0,1.0,1.0,396
La,Ru,,75.0,25.0,0.0,120.0,600.0,400.0,120.0,1.0,1.0,215
La,Ru,,83.33333333,16.66666667,0.0,120.0,600.0,400.0,120.0,1.0,1.0,212
Ru,Ho,,50.0,50.0,0.0,25.0,720.0,900.0,360.0,0.1,0.2,280
Ru,Y,,50.0,50.0,0.0,25.0,720.0,900.0,360.0,0.1,0.2,312
Ru,,,100.0,0.0,0.0,25.0,720.0,900.0,360.0,0.1,0.2,420
Ru,Ho,,50.0,50.0,0.0,25.0,720.0,900.0,360.0,0.1,0.2,215
Sr,Ir,Ru,69.21815502,23.86226449,6.919580491,25.0,120.0,1200.0,15.0,0.1,0.025477707,359
Sr,Ir,Ru,68.55952767,17.73299428,13.70747805,25.0,120.0,1200.0,15.0,0.1,0.025477707,347
Sr,Ru,Ir,68.21739837,17.07448021,14.70812143,25.0,120.0,1200.0,15.0,0.1,0.025477707,338
Sr,Ru,Ir,67.93104674,20.37273367,11.69621959,25.0,120.0,1200.0,15.0,0.1,0.025477707,339
Sr,Ru,Ir,67.29657368,26.90993761,5.793488703,25.0,120.0,1200.0,15.0,0.1,0.025477707,357
S,Mo,Co,98.5915493,0.704225352,0.704225352,220.0,1080.0,25.0,0.0,1.0,2.0,634
S,Mo,Co,87.5,6.25,6.25,220.0,1080.0,25.0,0.0,1.0,2.0,549
S,Mo,Co,77.77777778,11.11111111,11.11111111,220.0,1080.0,25.0,0.0,1.0,2.0,579
S,Mo,Co,53.84615385,23.07692308,23.07692308,220.0,1080.0,25.0,0.0,1.0,2.0,789
Cu,Ir,,61.41946738,38.58053262,0.0,25.0,20.0,240.0,60.0,0.1,0.016237751,273
Cu,Ir,,70.48381056,29.51618944,0.0,25.0,20.0,240.0,60.0,0.1,0.018577778,255
Cu,Ir,,79.91948522,20.08051478,0.0,25.0,20.0,240.0,60.0,0.1,0.027022222,292
Ir,,,100.0,0.0,0.0,0.0,240.0,400.0,60.0,1.0,0.142,335
Ir,,,100.0,0.0,0.0,0.0,240.0,400.0,60.0,1.0,0.142,291
Ir,,,100.0,0.0,0.0,0.0,240.0,400.0,60.0,1.0,0.142,346
Ir,,,100.0,0.0,0.0,25.0,2880.0,25.0,0.0,0.1,0.00196,314
Ru,,,100.0,0.0,0.0,50.0,600.0,450.0,60.0,1.0,0.15,282
Ir,,,100.0,0.0,0.0,50.0,600.0,450.0,60.0,1.0,0.15,337
Ru,Ir,,75.0,25.0,0.0,50.0,600.0,450.0,60.0,1.0,0.15,232
Ru,Ir,,50.0,50.0,0.0,50.0,600.0,450.0,60.0,1.0,0.15,206
Ir,Ru,,75.0,25.0,0.0,50.0,600.0,450.0,60.0,1.0,0.15,250
Pt,Ir,Pd,65.0,16.66666667,18.33333333,95.0,150.0,25.0,0.0,0.1,0.0084,372
Pt,Ir,Pd,65.0,16.66666667,18.33333333,95.0,150.0,25.0,0.0,0.1,0.0168,408
Ir,W,,52.930948,47.069052,0.0,250.0,180.0,25.0,0.0,0.1,0.013458333,305
Fe,Ir,,99.0140058,0.985994201,0.0,25.0,60.0,900.0,360.0,1.0,0.00114,259
Fe,Ir,,90.94370856,9.056291437,0.0,25.0,60.0,900.0,360.0,1.0,0.0114,282
Ir,K,Na,65.50883789,25.0,9.491162111,25.0,0.0,900.0,900.0,0.1,0.2,344
Fe,Ir,N,63.16121901,21.04847624,15.79030475,25.0,30.0,500.0,120.0,1.0,0.152866242,316
Co,Ir,N,63.16121901,21.04847624,15.79030475,25.0,30.0,500.0,120.0,1.0,0.152866242,319
Ni,Ir,N,63.16121901,21.04847624,15.79030475,25.0,30.0,500.0,120.0,1.0,0.152866242,346
Ir,,,100.0,0.0,0.0,25.0,720.0,450.0,120.0,1.0,0.204,198
Ir,,,100.0,0.0,0.0,25.0,720.0,450.0,120.0,1.0,0.204,199
Ir,,,100.0,0.0,0.0,25.0,720.0,450.0,120.0,1.0,0.204,190
Ir,,,100.0,0.0,0.0,25.0,60.0,650.0,180.0,1.0,0.010791325,369
Ir,,,100.0,0.0,0.0,25.0,60.0,650.0,180.0,1.0,0.010791325,301
Ir,,,100.0,0.0,0.0,25.0,60.0,650.0,180.0,1.0,0.010791325,338
Sr,Ir,,50.67965588,49.32034412,0.0,25.0,720.0,1000.0,180.0,0.1,0.404,254
Sr,Ir,,50.67965588,49.32034412,0.0,25.0,720.0,1100.0,180.0,0.1,0.404,245
Sr,Ir,,50.67965588,49.32034412,0.0,25.0,720.0,1200.0,180.0,0.1,0.404,251
Sr,Ir,,50.67965588,49.32034412,0.0,25.0,720.0,1000.0,180.0,1.0,0.404,278
Sr,Ir,,50.67965588,49.32034412,0.0,25.0,720.0,1100.0,180.0,1.0,0.404,263
Sr,Ir,,50.67965588,49.32034412,0.0,25.0,720.0,1200.0,180.0,1.0,0.404,288
Sr,Ir,,50.0,50.0,0.0,25.0,0.0,850.0,720.0,0.1,0.404,256
Sr,Ir,,50.0,50.0,0.0,25.0,0.0,850.0,720.0,1.0,0.404,270
Au,Ir,,70.0,30.0,0.0,140.0,360.0,25.0,0.0,1.0,0.0285,377
Au,Ir,,50.0,50.0,0.0,140.0,360.0,25.0,0.0,1.0,0.0285,257
Ir,Au,,70.0,30.0,0.0,140.0,360.0,25.0,0.0,1.0,0.0285,319
Ir,,,100.0,0.0,0.0,140.0,360.0,25.0,0.0,1.0,0.0285,279
P,Ir,,66.66666667,33.33333333,0.0,320.0,60.0,25.0,0.0,0.1,0.046,260
Ir,,,100.0,0.0,0.0,320.0,60.0,25.0,0.0,0.1,0.046,290
Li,Ir,,94.11764706,5.882352941,0.0,25.0,960.0,25.0,0.0,0.1,0.1,256
Li,Ir,,88.88888889,11.11111111,0.0,25.0,960.0,25.0,0.0,0.1,0.1,273
Na,Ir,,94.11764706,5.882352941,0.0,25.0,960.0,25.0,0.0,0.1,0.1,366
Na,Ir,,88.88888889,11.11111111,0.0,25.0,960.0,25.0,0.0,0.1,0.1,288
K,Ir,,94.11764706,5.882352941,0.0,25.0,960.0,25.0,0.0,0.1,0.1,430
K,Ir,,88.88888889,11.11111111,0.0,25.0,960.0,25.0,0.0,0.1,0.1,339
Li,Ir,,94.11764706,5.882352941,0.0,25.0,960.0,25.0,0.0,0.1,0.1,283
Li,Ir,,88.88888889,11.11111111,0.0,25.0,960.0,25.0,0.0,0.1,0.1,284
Ru,Au,,66.66666667,33.33333333,0.0,140.0,1200.0,25.0,0.0,0.1,0.40764,219
Pd,Ir,,98.05254217,1.947457827,0.0,180.0,60.0,25.0,0.0,0.1,0.034682081,311
Pd,Ir,,97.9151927,2.0848073,0.0,180.0,60.0,25.0,0.0,0.1,0.032432432,355
Pd,Ir,,98.03863737,1.961362631,0.0,130.0,60.0,25.0,0.0,0.1,0.039344262,300
Ir,Si,,50.0,50.0,0.0,25.0,0.0,500.0,160.0,1.0,2.0,326
Ir,Si,,67.0,33.0,0.0,25.0,0.0,500.0,160.0,1.0,2.0,335
Ir,Si,,75.0,25.0,0.0,25.0,0.0,500.0,160.0,1.0,2.0,343
Ir,Si,,80.0,20.0,0.0,25.0,0.0,500.0,160.0,1.0,2.0,350
Ir,Si,,90.0,10.0,0.0,25.0,0.0,500.0,160.0,1.0,2.0,371
Ir,,,100.0,0.0,0.0,60.0,480.0,450.0,60.0,1.0,0.102,344
Ir,Ni,,90.0,10.0,0.0,60.0,480.0,450.0,60.0,1.0,0.102,343
Ir,Ni,,80.0,20.0,0.0,60.0,480.0,450.0,60.0,1.0,0.102,334
Ir,Ni,,70.0,30.0,0.0,60.0,480.0,450.0,60.0,1.0,0.102,336
Ir,Ni,,60.0,40.0,0.0,60.0,480.0,450.0,60.0,1.0,0.102,338
Ir,Ni,,50.0,50.0,0.0,60.0,480.0,450.0,60.0,1.0,0.102,374
Ir,,,100.0,0.0,0.0,25.0,30.0,450.0,15.0,0.1,0.179363057,220
Co,Ir,,91.16809117,8.831908832,0.0,120.0,10.0,300.0,20.0,0.1,0.016276596,308
Ba,Ir,Ti,50.0,33.33333333,16.66666667,25.0,0.0,1100.0,2160.0,0.1,0.282942121,332
Ba,Ir,Ti,92.59259259,3.703703704,3.703703704,25.0,240.0,600.0,360.0,0.1,0.282942121,274
Sn,V,Ir,51.71890784,33.79676451,14.48432765,25.0,250.0,25.0,0.0,0.1,0.017,310
Sn,Ir,Sb,71.88195331,20.13116299,7.986883701,25.0,250.0,25.0,0.0,0.1,0.017,314
Ir,Mn,,49.75124378,50.24875622,0.0,150.0,720.0,400.0,360.0,0.1,0.14,319
Ir,Mn,,59.88023952,40.11976048,0.0,150.0,720.0,400.0,360.0,0.1,0.128,306
Ir,Mn,,66.22516556,33.77483444,0.0,150.0,720.0,400.0,360.0,0.1,0.107,294
Ir,Mn,,80.0,20.0,0.0,150.0,720.0,400.0,360.0,0.1,0.075,289
Ir,,,0.0,100.0,0.0,150.0,720.0,400.0,360.0,0.1,0.2,337
Ir,,,0.0,100.0,0.0,150.0,720.0,200.0,360.0,0.1,0.2,347
Ir,,,0.0,100.0,0.0,150.0,720.0,500.0,360.0,0.1,0.2,381
Ir,,,0.0,100.0,0.0,150.0,720.0,600.0,360.0,0.1,0.2,398
Ir,,,0.0,100.0,0.0,150.0,720.0,700.0,360.0,0.1,0.2,431
Ru,Y,,50.0,50.0,0.0,80.0,480.0,1050.0,720.0,1.0,0.206666667,303
Ru,Y,Ba,50.0,47.5,2.5,80.0,480.0,1050.0,720.0,1.0,0.206666667,284
Ru,Y,Ba,50.0,46.25,3.75,80.0,480.0,1050.0,720.0,1.0,0.206666667,279
Ru,Y,Ba,50.0,43.75,6.25,80.0,480.0,1050.0,720.0,1.0,0.206666667,288
Ru,Y,Ba,50.0,40.0,10.0,80.0,480.0,1050.0,720.0,1.0,0.206666667,298
Li,Se,Ir,78.47533632,14.34977578,7.174887892,60.0,180.0,1000.0,1200.0,1.0,0.25,224
Li,Se,Ir,78.47533632,14.34977578,7.174887892,60.0,180.0,1000.0,1200.0,1.0,1.0,199
Li,Se,Ir,78.47533632,14.34977578,7.174887892,60.0,180.0,1000.0,1200.0,1.0,3.0,184
B,Ru,,80.0,20.0,0.0,25.0,0.0,900.0,120.0,1.0,0.571,223
Ir,Ni,,77.0,23.0,0.0,250.0,180.0,25.0,0.0,0.1,0.011136242,294
Ir,Co,,77.0,23.0,0.0,250.0,180.0,25.0,0.0,0.1,0.011136242,313
Ir,,,100.0,0.0,0.0,250.0,180.0,25.0,0.0,0.1,0.0102,328
Ir,Co,,60.60606061,39.39393939,0.0,280.0,120.0,25.0,0.0,0.1,0.018,283
Co,Ir,,59.67741935,40.32258065,0.0,280.0,120.0,25.0,0.0,0.1,0.018,300
Co,Ir,,73.0458221,26.9541779,0.0,280.0,120.0,25.0,0.0,0.1,0.018,292
Ir,,,100.0,0.0,0.0,280.0,120.0,25.0,0.0,0.1,0.018,312
Ir,Ni,Cu,33.33333333,33.33333333,33.33333333,270.0,60.0,200.0,300.0,0.1,0.050955414,273
Cu,Ir,,66.66666667,33.33333333,0.0,270.0,60.0,200.0,300.0,0.1,0.050955414,295
Ni,Ir,,66.66666667,33.33333333,0.0,270.0,60.0,200.0,300.0,0.1,0.050955414,308
Ir,,,100.0,0.0,0.0,270.0,180.0,200.0,300.0,0.1,0.050955414,345
Te,Ir,,66.66666667,33.33333333,0.0,200.0,600.0,25.0,0.0,0.1,0.050955414,285
Te,Ir,,66.66666667,33.33333333,0.0,200.0,600.0,25.0,0.0,1.0,0.050955414,297
Ir,,,100.0,0.0,0.0,90.0,120.0,300.0,120.0,1.0,0.0,290
Ir,,,100.0,0.0,0.0,160.0,720.0,25.0,0.0,0.1,0.5823,245
Sn,Ir,Sb,87.49522641,8.859139154,3.645634434,140.0,60.0,25.0,0.0,0.2,0.004470833,374
Ni,Co,Ir,50.0,44.0,6.0,200.0,600.0,400.0,600.0,0.1,0.2,329
Ni,Co,Ir,50.0,40.0,10.0,200.0,600.0,400.0,600.0,0.1,0.2,287
Ni,Co,Ir,50.0,37.5,12.5,200.0,600.0,400.0,600.0,0.1,0.2,311
Ba,Ir,Nd,50.0,25.0,25.0,25.0,0.0,1250.0,7200.0,0.1,0.03,370
Ba,Ir,Pr,50.0,25.0,25.0,25.0,0.0,1250.0,7200.0,0.1,0.03,389
Ba,Ir,La,50.0,25.0,25.0,25.0,0.0,1250.0,7200.0,0.1,0.03,418
Sr,Ir,Y,50.0,25.0,25.0,25.0,0.0,1200.0,1440.0,0.1,0.03,393
Ni,Cu,Ir,57.14285714,28.57142857,14.28571429,260.0,40.0,25.0,0.0,0.1,0.02256,302
Ni,Cu,Ir,50.0,25.0,25.0,260.0,40.0,25.0,0.0,0.1,0.022091503,306
Ni,Co,Ir,39.26308378,39.26308378,21.47383243,250.0,60.0,250.0,60.0,0.1,0.0125,302
Co,Ir,,64.64451314,35.35548686,0.0,250.0,60.0,250.0,60.0,0.1,0.0125,311
Ni,Ir,,64.64451314,35.35548686,0.0,250.0,60.0,250.0,60.0,0.1,0.0125,361
Ir,Cr,,60.0,40.0,0.0,25.0,480.0,350.0,360.0,1.0,0.56,245
Ir,Cr,,60.0,40.0,0.0,25.0,480.0,450.0,360.0,1.0,0.56,292
Ir,Cr,,70.0,30.0,0.0,25.0,480.0,350.0,360.0,1.0,0.56,248
Ir,Cr,,50.0,50.0,0.0,25.0,480.0,350.0,360.0,1.0,0.56,251
Co,Zn,Ir,65.5922643,32.79613215,1.611603546,25.0,1440.0,900.0,150.0,1.0,0.3375,270
Ru,Ir,,75.0,25.0,0.0,25.0,120.0,400.0,60.0,1.0,0.38,266
Sn,Ir,,99.98267272,0.017327276,0.0,95.0,120.0,300.0,30.0,1.0,0.044829,240
Ti,Ir,,69.69409082,30.30590918,0.0,100.0,180.0,500.0,30.0,0.1,0.011666667,445
La,Ir,Li,53.33333333,33.33333333,13.33333333,25.0,0.0,1000.0,240.0,0.1,0.476190476,313
La,Ir,Li,53.33333333,33.33333333,13.33333333,25.0,0.0,1200.0,240.0,0.1,0.476190476,278
La,Ir,Li,53.33333333,33.33333333,13.33333333,25.0,0.0,1400.0,240.0,0.1,0.476190476,294
La,Ir,Li,33.33333333,33.33333333,33.33333333,25.0,0.0,1400.0,240.0,0.1,0.476190476,298
La,Ir,Li,44.33333333,33.33333333,22.33333333,25.0,0.0,1400.0,240.0,0.1,0.476190476,314
Li,Ir,La,44.33333333,33.33333333,22.33333333,25.0,0.0,1400.0,240.0,0.1,0.476190476,324
Ir,,,100.0,0.0,0.0,150.0,240.0,25.0,0.0,1.0,0.142857143,254
Pr,Ir,,66.66666667,33.33333333,0.0,25.0,0.0,1200.0,240.0,0.1,2.857142,305
Pr,Ir,,66.66666667,33.33333333,0.0,25.0,0.0,1000.0,240.0,0.1,2.857142,328
Pr,Ir,,66.66666667,33.33333333,0.0,25.0,0.0,1400.0,240.0,0.1,2.857142,326
Pr,Ir,,75.0,25.0,0.0,25.0,0.0,1200.0,240.0,0.1,2.857142,369
Pr,Ir,,50.0,50.0,0.0,25.0,0.0,1200.0,240.0,0.1,2.857142,321
Ru,Ir,,68.91276794,31.08723206,0.0,25.0,0.0,25.0,0.0,1.0,0.019285714,298
Ru,Ir,,68.91276794,31.08723206,0.0,25.0,0.0,400.0,120.0,1.0,0.018214286,188
Ni,Ir,,66.66666667,33.33333333,0.0,240.0,60.0,400.0,240.0,0.1,0.017286875,328
Ni,Ir,,75.0,25.0,0.0,240.0,60.0,400.0,240.0,0.1,0.020368125,321
Ni,Ir,,83.33333333,16.66666667,0.0,240.0,60.0,400.0,240.0,0.1,0.027763125,330
Ir,Pd,,50.0,50.0,0.0,180.0,1440.0,250.0,480.0,1.0,0.004076433,309
Ir,Pd,,50.0,50.0,0.0,180.0,180.0,250.0,480.0,1.0,0.004076433,348
Ir,W,,75.0,25.0,0.0,280.0,120.0,25.0,0.0,0.1,0.012,281
Ir,W,,50.0,50.0,0.0,280.0,120.0,25.0,0.0,0.1,0.012,272
W,Ir,,75.0,25.0,0.0,280.0,120.0,25.0,0.0,0.1,0.012,290
Ir,,,100.0,0.0,0.0,280.0,120.0,25.0,0.0,0.1,0.012,307
Ni,Y,Ir,47.16981132,47.16981132,5.660377358,280.0,35.0,25.0,0.0,0.1,0.02,314
Co,Ir,,90.90909091,9.090909091,0.0,255.0,30.0,400.0,120.0,0.1,0.039,257
Co,Ir,,90.90909091,9.090909091,0.0,255.0,30.0,500.0,120.0,0.1,0.039,276
Co,Ir,,97.64617268,2.353827323,0.0,170.0,480.0,350.0,120.0,1.0,2.46741311,384
Co,Mn,Ru,48.82308634,48.82308634,2.353827323,170.0,480.0,350.0,120.0,1.0,2.411414499,270
Co,Mn,Ru,73.23462951,24.41154317,2.353827323,170.0,480.0,350.0,120.0,1.0,2.411414499,344
Mn,Co,Ru,73.23462951,24.41154317,2.353827323,170.0,480.0,350.0,120.0,1.0,2.411414499,242
Ir,,,100.0,0.0,0.0,180.0,240.0,350.0,120.0,1.0,0.034693878,380
Ir,,,100.0,0.0,0.0,180.0,240.0,350.0,120.0,1.0,0.051020408,341
Ir,,,100.0,0.0,0.0,180.0,240.0,350.0,120.0,1.0,0.081632653,276
Ir,,,100.0,0.0,0.0,180.0,240.0,350.0,120.0,1.0,0.102040816,281
Mn,,,100.0,0.0,0.0,140.0,4320.0,25.0,0.0,0.1,2.0,827
Mn,,,100.0,0.0,0.0,140.0,4320.0,25.0,0.0,0.1,2.0,809
Mn,,,100.0,0.0,0.0,140.0,4320.0,25.0,0.0,0.1,2.0,749
Mn,,,100.0,0.0,0.0,140.0,4320.0,25.0,0.0,0.1,2.0,904
Mn,,,100.0,0.0,0.0,140.0,4320.0,25.0,0.0,0.1,2.0,943
Sn,Ir,Ta,81.57649185,16.33180323,2.091704919,160.0,120.0,25.0,0.0,0.1,0.023333333,310
Sn,Ir,Ta,79.48478693,16.33180323,4.183409839,160.0,120.0,25.0,0.0,0.1,0.023333333,308
Sn,Ir,Ta,68.60792135,16.33180323,15.06027542,160.0,120.0,25.0,0.0,0.1,0.023333333,300
Sn,Ir,Sb,75.30137709,16.33180323,8.366819677,160.0,120.0,25.0,0.0,0.1,0.023333333,302
Sn,Ir,Sb,73.73782875,22.38123289,3.880938355,25.0,60.0,450.0,40.0,0.1,0.14,256
Sn,Ir,Sb,56.79058472,40.22043714,2.988978143,25.0,60.0,450.0,40.0,0.1,0.1,299
Sn,Ir,Sb,36.96647886,61.08791699,1.945604151,25.0,60.0,450.0,40.0,0.1,0.06,295
Pd,Co,,50.0,50.0,0.0,25.0,0.0,1000.0,360.0,1.0,2.0,348
Ir,,,100.0,0.0,0.0,80.0,300.0,150.0,15.0,1.0,0.137142857,240
Mg,Ru,,65.2152769,34.7847231,0.0,25.0,840.0,300.0,240.0,1.0,0.275,249
Mg,Ru,,65.2152769,34.7847231,0.0,25.0,840.0,300.0,240.0,1.0,0.275,228
Mg,Ru,,65.2152769,34.7847231,0.0,25.0,840.0,300.0,240.0,1.0,0.275,269
Ir,,,100.0,0.0,0.0,250.0,60.0,25.0,0.0,1.0,0.02,310
Ir,,,100.0,0.0,0.0,250.0,60.0,25.0,0.0,1.0,0.05,308
Ir,,,100.0,0.0,0.0,250.0,60.0,25.0,0.0,1.0,0.1,300
Mn,Ru,,66.1806464,33.8193536,0.0,25.0,720.0,300.0,240.0,1.0,0.275,158
Ru,,,100.0,0.0,0.0,25.0,1440.0,300.0,240.0,1.0,0.275,239
Ru,,,100.0,0.0,0.0,25.0,1440.0,300.0,240.0,1.0,0.275,243
Zn,Ru,,88.29438556,11.70561444,0.0,25.0,1440.0,300.0,240.0,1.0,0.275,288
Zn,Ru,,79.04203026,20.95796974,0.0,25.0,1440.0,300.0,240.0,1.0,0.275,230
Zn,Ru,,75.1068144,24.8931856,0.0,25.0,1440.0,300.0,240.0,1.0,0.275,206
Zn,Ru,,71.54485565,28.45514435,0.0,25.0,1440.0,300.0,240.0,1.0,0.275,221
Ir,Ru,,80.0,20.0,0.0,200.0,90.0,25.0,0.0,0.1,0.02041,338
Ir,Ru,,66.66666667,33.33333333,0.0,200.0,90.0,25.0,0.0,0.1,0.02041,331
Ir,Ru,,50.0,50.0,0.0,200.0,90.0,25.0,0.0,0.1,0.02041,322
Ru,Ir,,66.66666667,33.33333333,0.0,200.0,90.0,25.0,0.0,0.1,0.02041,308
Ru,Ir,,80.0,20.0,0.0,200.0,90.0,25.0,0.0,0.1,0.02041,294
Ru,Ir,,80.0,20.0,0.0,25.0,0.0,300.0,0.0,0.1,0.017,370
Ru,Ir,,80.0,20.0,0.0,25.0,0.0,200.0,120.0,0.1,0.02,299
Ru,Ir,,80.0,20.0,0.0,25.0,0.0,250.0,120.0,0.1,0.02,309
Ru,Ir,,80.0,20.0,0.0,25.0,0.0,300.0,120.0,0.1,0.02,312
Ru,Ir,,80.0,20.0,0.0,25.0,0.0,300.0,120.0,0.1,0.02,295
Ru,Ir,,80.0,20.0,0.0,25.0,0.0,600.0,120.0,0.1,0.02,299
Ru,Ir,,80.0,20.0,0.0,25.0,0.0,900.0,120.0,0.1,0.02,311
Ir,,,100.0,0.0,0.0,25.0,0.0,300.0,120.0,0.1,0.02,349
Ru,Ir,Y,72.72727273,18.18181818,9.090909091,25.0,0.0,300.0,120.0,0.1,0.02,300
Pt,Ir,,66.17725649,33.82274351,0.0,25.0,480.0,200.0,120.0,1.0,0.076433121,300
Ru,Ir,,63.99223697,36.00776303,0.0,25.0,480.0,400.0,60.0,1.0,0.015286624,340
Ru,Sr,,50.0,50.0,0.0,120.0,480.0,800.0,720.0,0.1,0.50955414,172
Ru,Sr,Na,50.0,47.5,2.5,120.0,480.0,900.0,720.0,0.1,0.50955414,164
Ru,Sr,Na,50.0,45.0,5.0,120.0,480.0,1000.0,720.0,0.1,0.50955414,169
Ru,Sr,Na,50.0,42.5,7.5,120.0,480.0,1050.0,720.0,0.1,0.50955414,234
Ir,,,100.0,0.0,0.0,80.0,480.0,400.0,30.0,1.0,0.379,301
Ir,,,100.0,0.0,0.0,80.0,480.0,450.0,30.0,1.0,0.379,282
Ir,,,100.0,0.0,0.0,80.0,480.0,500.0,30.0,1.0,0.379,299
Ir,,,100.0,0.0,0.0,15.0,240.0,25.0,0.0,1.0,0.13333,293
Ti,Ir,,85.76850095,14.23149905,0.0,25.0,240.0,25.0,0.0,1.0,0.039999,345
Ir,Cu,,80.0,20.0,0.0,60.0,180.0,25.0,0.0,0.1,0.0255,334
Ir,Cu,,75.0,25.0,0.0,60.0,180.0,25.0,0.0,0.1,0.0255,302
Ir,Cu,,66.66666667,33.33333333,0.0,60.0,180.0,25.0,0.0,0.1,0.0255,353
Ir,Co,Ni,50.0,30.0,20.0,200.0,600.0,400.0,600.0,0.1,0.2,287
Ir,Co,Ni,60.0,24.0,16.0,200.0,600.0,400.0,600.0,0.1,0.2,304
Ir,Co,Ni,70.0,18.0,12.0,200.0,600.0,400.0,600.0,0.1,0.2,309
Ir,Co,Ni,80.0,12.0,8.0,200.0,600.0,400.0,600.0,0.1,0.2,329
Ir,Co,Ni,90.0,6.0,4.0,200.0,600.0,400.0,600.0,0.1,0.2,357
Ir,Co,Ni,70.0,18.0,12.0,200.0,600.0,400.0,600.0,0.1,0.2,328
Ir,Co,Ni,70.0,18.0,12.0,200.0,600.0,400.0,600.0,0.1,0.2,323
Co,Ir,,94.30255403,5.697445972,0.0,25.0,0.0,800.0,120.0,1.0,0.1228,331
Ir,,,100.0,0.0,0.0,25.0,0.0,800.0,120.0,1.0,0.307,360
C,W,N,56.96,36.43,6.61,180.0,720.0,850.0,180.0,1.0,10.0,193
Pb,Ir,,75.0,25.0,0.0,250.0,720.0,600.0,360.0,0.1,0.2,392
Pb,Ir,,66.66666667,33.33333333,0.0,250.0,720.0,600.0,360.0,0.1,0.2,421
Sr,Ti,Ir,50.0,33.33333333,16.66666667,25.0,1440.0,700.0,180.0,0.1,0.28,265
Sr,Ir,,93.15525876,6.844741235,0.0,150.0,720.0,700.0,360.0,0.1,0.28,293
Ir,,,100.0,0.0,0.0,70.0,360.0,25.0,0.0,0.1,0.0102,419
Ir,,,100.0,0.0,0.0,70.0,360.0,25.0,0.0,0.1,0.0102,412
Sn,Ir,Sb,76.9086753,16.4036138,6.687710896,70.0,360.0,25.0,0.0,0.1,0.0102,401
Sn,Ni,Ir,49.60428046,37.79678966,12.59892989,240.0,60.0,180.0,240.0,0.1,0.020368125,333
Sn,Ni,Ir,49.60428046,37.79678966,12.59892989,240.0,60.0,250.0,240.0,0.1,0.02067625,341
Sn,Ni,Ir,49.60428046,37.79678966,12.59892989,240.0,60.0,300.0,240.0,0.1,0.02190875,348
Sn,Ni,Ir,49.60428046,37.79678966,12.59892989,240.0,60.0,400.0,240.0,0.1,0.0212925,368
Sn,Ni,Ir,49.60428046,37.79678966,12.59892989,240.0,60.0,500.0,240.0,0.1,0.021600625,372
Ru,Na,,50.0,50.0,0.0,25.0,0.0,900.0,720.0,0.1,0.2,255
Ru,Y,,50.0,50.0,0.0,120.0,600.0,1100.0,300.0,1.0,0.248,299
Ru,Y,Ca,50.0,46.25,3.75,120.0,600.0,1100.0,300.0,1.0,0.248,282
Ru,Y,Ca,50.0,43.75,6.25,120.0,600.0,1100.0,300.0,1.0,0.248,276
Ru,Y,Ca,50.0,40.0,10.0,120.0,600.0,1100.0,300.0,1.0,0.248,297
Pd,Ru,,80.0,20.0,0.0,130.0,960.0,185.0,300.0,0.1,0.0128,273
Pd,Ru,,66.66666667,33.33333333,0.0,130.0,960.0,185.0,300.0,0.1,0.0128,236
Pd,Ru,,50.0,50.0,0.0,130.0,960.0,185.0,300.0,0.1,0.0128,222
Ru,Pd,,66.66666667,33.33333333,0.0,130.0,960.0,185.0,300.0,0.1,0.0128,220
Ru,Ta,,90.0,10.0,0.0,25.0,300.0,500.0,240.0,3.0,1.5,223
Ir,Ru,Co,33.33333333,33.33333333,33.33333333,60.0,30.0,450.0,180.0,1.0,0.326114649,396
Sr,Zr,Ir,49.58123953,33.24958124,17.16917923,180.0,600.0,700.0,300.0,0.1,0.13,314
Sr,Ir,Zr,59.46760422,20.592667,19.93972878,180.0,600.0,700.0,300.0,0.1,0.13,274
Sr,Ir,Zr,66.03457892,22.86670385,11.09871723,180.0,600.0,700.0,300.0,0.1,0.13,240
Sr,Ir,Zr,69.92263627,24.21307506,5.864288667,180.0,600.0,700.0,300.0,0.1,0.13,255
Sr,Ir,,74.27854454,25.72145546,0.0,180.0,600.0,700.0,300.0,0.1,0.13,267
Ni,Ir,,76.19047619,23.80952381,0.0,240.0,60.0,400.0,240.0,0.1,0.0105,310
Ru,Ni,,50.0,50.0,0.0,160.0,300.0,350.0,120.0,1.0,0.101910828,252
Ru,Ni,,60.0,40.0,0.0,160.0,300.0,350.0,120.0,1.0,0.101910828,260
Ru,Ni,,75.0,25.0,0.0,160.0,300.0,350.0,120.0,1.0,0.101910828,269
Ru,,,100.0,0.0,0.0,160.0,300.0,350.0,120.0,1.0,0.101910828,278
Ru,Ni,,50.0,50.0,0.0,160.0,300.0,350.0,120.0,0.1,0.101910828,313
Ru,Ni,,60.0,40.0,0.0,160.0,300.0,350.0,120.0,0.1,0.101910828,315
Ru,Ni,,75.0,25.0,0.0,160.0,300.0,350.0,120.0,0.1,0.101910828,328
Ru,,,100.0,0.0,0.0,160.0,300.0,350.0,120.0,0.1,0.101910828,342
Ru,Ni,,50.0,50.0,0.0,160.0,300.0,350.0,120.0,1.0,0.101910828,260
Ru,Ni,,50.0,50.0,0.0,160.0,300.0,300.0,60.0,1.0,0.101910828,371
Ru,Ni,,50.0,50.0,0.0,160.0,300.0,350.0,60.0,1.0,0.101910828,285
Ru,Ni,,50.0,50.0,0.0,160.0,300.0,400.0,60.0,1.0,0.101910828,419
Ir,Sn,,66.66666667,33.33333333,0.0,180.0,720.0,500.0,60.0,1.0,0.25477707,395
Ir,Sn,,66.66666667,33.33333333,0.0,180.0,720.0,500.0,60.0,1.0,0.25477707,355
Ir,Sn,,100.0,0.0,0.0,180.0,720.0,500.0,60.0,1.0,0.25477707,354
Ir,Pt,,80.0,20.0,0.0,60.0,480.0,500.0,30.0,1.0,3.306878307,279
Ir,Pt,,50.0,50.0,0.0,60.0,480.0,500.0,30.0,1.0,3.306878307,294
Ru,,,100.0,0.0,0.0,60.0,180.0,500.0,60.0,1.0,0.7,191
Ru,Pd,,80.0,20.0,0.0,60.0,180.0,500.0,60.0,1.0,0.7,200
Ru,Pd,,50.0,50.0,0.0,60.0,180.0,500.0,60.0,1.0,0.7,213
Pd,Ru,,80.0,20.0,0.0,60.0,180.0,500.0,60.0,1.0,0.7,245
Co,Ag,,99.0,1.0,0.0,140.0,720.0,400.0,180.0,1.0,0.2,470
Co,Ag,,99.0,1.0,0.0,140.0,720.0,500.0,180.0,1.0,0.2,530
Co,Ag,,99.0,1.0,0.0,140.0,720.0,600.0,180.0,1.0,0.2,550
Co,Ag,,96.0,4.0,0.0,140.0,720.0,400.0,180.0,1.0,0.2,508
Co,Ag,,98.0,2.0,0.0,140.0,720.0,400.0,180.0,1.0,0.2,511
Co,Ag,,99.498998,0.501002004,0.0,140.0,720.0,400.0,180.0,1.0,0.2,516
Co,,,100.0,0.0,0.0,140.0,720.0,400.0,180.0,1.0,0.2,513
Co,Ag,,96.29013373,3.709866272,0.0,120.0,360.0,400.0,120.0,1.0,0.2,537
Co,Ag,,96.29013373,3.709866272,0.0,120.0,360.0,500.0,120.0,1.0,0.2,592
Co,Ag,,92.84568305,7.154316953,0.0,120.0,360.0,400.0,120.0,1.0,0.2,573
Co,Ag,,98.11000879,1.889991209,0.0,120.0,360.0,400.0,120.0,1.0,0.2,517
Co,Ag,,96.29013373,3.709866272,0.0,120.0,360.0,400.0,480.0,1.0,0.2,564
Co,,,100.0,0.0,0.0,120.0,360.0,400.0,120.0,1.0,0.2,495
Li,Ir,,94.11764706,5.882352941,0.0,100.0,180.0,25.0,0.0,0.1,0.1,260
Li,Ir,Ni,94.11764706,2.941176471,2.941176471,100.0,180.0,25.0,0.0,0.1,0.1,328
Li,Ir,,94.11764706,2.941176471,2.941176471,95.0,90.0,25.0,0.0,0.1,0.1,269
Ni,Ir,Pt,61.53846154,30.76923077,7.692307692,260.0,40.0,25.0,0.0,0.1,0.01777604,308
Ni,Ir,Pt,61.53846154,30.76923077,7.692307692,260.0,10.0,25.0,0.0,0.1,0.026659091,326
Ni,Ir,Pt,61.53846154,30.76923077,7.692307692,260.0,35.0,25.0,0.0,0.1,0.02751677,333
Ti,Ir,,90.56603774,9.433962264,0.0,180.0,180.0,200.0,120.0,0.1,0.489171975,328
Ti,Ir,Pt,82.90728202,8.636175211,8.456542766,180.0,180.0,200.0,120.0,0.1,0.489171975,406
Ru,Y,,50.0,50.0,0.0,80.0,720.0,1100.0,300.0,0.1,0.306,241
Ru,Y,,50.0,50.0,0.0,80.0,720.0,1100.0,300.0,0.1,0.306,270
Ru,Y,,50.0,50.0,0.0,80.0,720.0,1100.0,300.0,0.1,0.0612,279
Ru,Y,,50.0,50.0,0.0,80.0,720.0,1100.0,300.0,0.1,0.153,257
Ru,Y,,50.0,50.0,0.0,80.0,720.0,1100.0,300.0,0.1,0.459,239
Ru,Cu,Ca,50.0,37.5,12.5,25.0,0.0,1000.0,1440.0,1.0,0.25,171
Ru,,,100.0,0.0,0.0,280.0,120.0,25.0,0.0,0.1,0.018435644,377
Ru,Pt,Ni,50.0,33.33333333,16.66666667,280.0,20.0,400.0,60.0,0.1,0.018435644,326
Ru,Pt,Ni,50.0,33.33333333,16.66666667,280.0,20.0,400.0,60.0,0.1,0.018435644,236
Ru,Y,,50.0,50.0,0.0,140.0,720.0,1050.0,720.0,1.0,0.275,294
Ru,Y,Mg,50.0,48.75,1.25,140.0,720.0,1050.0,720.0,1.0,0.275,282
Ru,Y,Mg,50.0,47.5,2.5,140.0,720.0,1050.0,720.0,1.0,0.275,263
Ru,Y,Mg,50.0,46.25,3.75,140.0,720.0,1050.0,720.0,1.0,0.275,281
Ru,Nd,,50.0,50.0,0.0,80.0,480.0,1000.0,600.0,0.1,0.76433121,306
W,Ir,,90.90909091,9.090909091,0.0,80.0,10080.0,600.0,300.0,0.1,0.125,531
W,Ir,,90.90909091,9.090909091,0.0,80.0,10080.0,900.0,10.0,0.1,0.125,396
W,Ir,,66.66666667,33.33333333,0.0,80.0,10080.0,600.0,300.0,0.1,0.125,427
W,Ir,,66.66666667,33.33333333,0.0,80.0,10080.0,900.0,10.0,0.1,0.125,303
W,Ir,,83.33333333,16.66666667,0.0,80.0,10080.0,600.0,300.0,0.1,0.125,466
W,Ir,,83.33333333,16.66666667,0.0,80.0,10080.0,900.0,10.0,0.1,0.125,331
W,Ir,,66.66666667,33.33333333,0.0,80.0,10080.0,800.0,10.0,0.1,0.125,327
W,Ir,,66.66666667,33.33333333,0.0,80.0,10080.0,1000.0,10.0,0.1,0.125,388
Rh,Ir,,75.0,25.0,0.0,150.0,30.0,25.0,0.0,1.0,0.013328,495
Ir,Rh,,50.0,50.0,0.0,150.0,30.0,25.0,0.0,1.0,0.013916,371
Ir,Rh,,75.0,25.0,0.0,150.0,30.0,25.0,0.0,1.0,0.014924,314
Ir,,,100.0,0.0,0.0,150.0,30.0,25.0,0.0,1.0,0.011228,292
Co,Ru,,89.69488814,10.30511186,0.0,25.0,1440.0,300.0,120.0,1.0,0.12845,378
Co,Ru,,81.31525967,18.68474033,0.0,25.0,1440.0,300.0,120.0,1.0,0.12845,289
Co,Ru,,74.36756634,25.63243366,0.0,25.0,1440.0,300.0,120.0,1.0,0.12845,266
Co,Ru,,68.51366017,31.48633983,0.0,25.0,1440.0,300.0,120.0,1.0,0.12845,334
Co,Ru,,74.36756634,25.63243366,0.0,25.0,1440.0,200.0,120.0,1.0,0.12845,450
Co,Ru,,74.36756634,25.63243366,0.0,25.0,1440.0,250.0,120.0,1.0,0.12845,271
Co,Ru,,74.36756634,25.63243366,0.0,25.0,1440.0,350.0,120.0,1.0,0.12845,304
Co,Ru,,74.36756634,25.63243366,0.0,25.0,720.0,300.0,120.0,1.0,0.12845,269
Co,Ru,,74.36756634,25.63243366,0.0,25.0,2160.0,300.0,120.0,1.0,0.12845,212
Ir,Mn,,61.97429462,38.02570538,0.0,25.0,10.0,400.0,360.0,0.1,0.16218,324
Mn,Ir,,50.55918458,49.44081542,0.0,25.0,10.0,400.0,360.0,0.1,0.14894,308
Mn,Ir,,57.47341136,42.52658864,0.0,25.0,10.0,400.0,360.0,0.1,0.13102,303
Mn,Ir,,66.96622893,33.03377107,0.0,25.0,10.0,400.0,360.0,0.1,0.11828,295
Mn,Ir,,72.99443235,27.00556765,0.0,25.0,10.0,400.0,360.0,0.1,0.0955,273
W,,,100.0,0.0,0.0,180.0,1080.0,700.0,2160.0,1.0,3.7,493
W,Ir,,97.2,2.8,0.0,180.0,1080.0,700.0,2160.0,1.0,3.7,312
W,Ir,,95.9,4.1,0.0,180.0,1080.0,700.0,2160.0,1.0,3.7,294
W,Ir,,93.3,6.7,0.0,180.0,1080.0,700.0,2160.0,1.0,3.7,263
W,Ir,,90.2,9.8,0.0,180.0,1080.0,700.0,2160.0,1.0,3.7,255
W,Ir,,93.3,6.7,0.0,180.0,1080.0,600.0,30.0,1.0,3.7,309
S,Ru,,50.0,50.0,0.0,25.0,0.0,800.0,120.0,1.0,0.6792,213
S,Ru,,66.66666667,33.33333333,0.0,25.0,0.0,800.0,120.0,1.0,0.6792,208
S,Ru,,80.0,20.0,0.0,25.0,0.0,800.0,120.0,1.0,0.6792,238
S,Ru,,88.88888889,11.11111111,0.0,25.0,0.0,800.0,120.0,1.0,0.6792,226
Li,Ir,,67.74193548,32.25806452,0.0,25.0,0.0,1080.0,1800.0,2.0,0.5,366
Ni,Ru,,66.66666667,33.33333333,0.0,25.0,0.0,200.0,60.0,1.0,0.1232,217
Ni,Ru,,66.66666667,33.33333333,0.0,25.0,0.0,225.0,60.0,1.0,0.1232,269
Ni,Ru,,66.66666667,33.33333333,0.0,25.0,0.0,250.0,60.0,1.0,0.1232,229
Ni,Ru,,66.66666667,33.33333333,0.0,25.0,0.0,300.0,60.0,1.0,0.1232,275
Ni,Ru,,66.66666667,33.33333333,0.0,25.0,0.0,400.0,60.0,1.0,0.1232,296
Ni,Ru,,66.66666667,33.33333333,0.0,25.0,0.0,500.0,60.0,1.0,0.1232,580
Ni,Ru,,80.0,20.0,0.0,25.0,0.0,250.0,60.0,1.0,0.1232,292
Ru,,,100.0,0.0,0.0,25.0,0.0,400.0,120.0,1.0,0.096,220
Ru,,,100.0,0.0,0.0,80.0,120.0,200.0,180.0,1.0,0.533333333,180
Ni,Ru,,66.66666667,33.33333333,0.0,25.0,0.0,400.0,120.0,1.0,0.283,187
Ni,Ru,,66.66666667,33.33333333,0.0,25.0,0.0,400.0,120.0,1.0,0.283,273
Ni,Ru,,66.66666667,33.33333333,0.0,25.0,0.0,380.0,120.0,1.0,0.283,167
Ni,Ru,,100.0,0.0,0.0,25.0,0.0,400.0,120.0,1.0,0.283,220
Ni,Ru,,66.66666667,33.33333333,0.0,25.0,0.0,420.0,120.0,1.0,0.283,216
P,Co,Ru,57.03125,39.0625,3.90625,200.0,1440.0,500.0,180.0,1.0,0.357,197
Ru,S,Cu,60.69651741,19.65174129,19.65174129,210.0,300.0,350.0,240.0,1.0,0.070063694,240
Ru,S,Cu,60.69651741,19.65174129,19.65174129,210.0,300.0,350.0,240.0,1.0,0.074904459,231
Ru,S,Cu,60.69651741,19.65174129,19.65174129,210.0,300.0,350.0,240.0,1.0,0.1,222
Ru,S,Cu,60.69651741,19.65174129,19.65174129,210.0,300.0,350.0,240.0,1.0,0.15,214
Ru,S,Cu,60.69651741,19.65174129,19.65174129,210.0,300.0,350.0,240.0,1.0,0.2,211
Ru,S,Cu,60.69651741,19.65174129,19.65174129,210.0,300.0,350.0,240.0,1.0,0.25,211
Pt,Co,Ru,37.5,37.5,25.0,260.0,120.0,400.0,60.0,0.1,0.043528477,213
Pt,Ru,,60.0,40.0,0.0,260.0,120.0,400.0,60.0,0.1,0.049207947,274
Ru,,,100.0,0.0,0.0,280.0,120.0,400.0,60.0,0.1,0.042384106,265
Ni,Ir,,70.0,30.0,0.0,60.0,0.0,450.0,60.0,1.0,0.102,338
Ni,Ir,,70.0,30.0,0.0,60.0,0.0,450.0,60.0,1.0,0.102,341
Ir,,,100.0,0.0,0.0,60.0,0.0,450.0,60.0,1.0,0.102,343
Ru,Ir,,78.12549061,21.87450939,0.0,25.0,1440.0,400.0,60.0,1.0,0.064,218
Ru,,,100.0,0.0,0.0,25.0,1440.0,400.0,60.0,1.0,0.064,262
Ir,,,100.0,0.0,0.0,25.0,360.0,400.0,60.0,1.0,0.064,317
Ir,Co,,9.090909091,90.90909091,0.0,25.0,60.0,25.0,0.0,0.1,0.106,284
Ir,Co,,16.66666667,83.33333333,0.0,25.0,60.0,25.0,0.0,0.1,0.106,303
Ir,Co,,40.0,60.0,0.0,25.0,60.0,25.0,0.0,0.1,0.106,299
Ir,,,100.0,0.0,0.0,100.0,720.0,450.0,120.0,1.0,0.072352,390
Ir,,,100.0,0.0,0.0,100.0,720.0,450.0,120.0,1.0,0.118048,198
Ir,,,100.0,0.0,0.0,100.0,720.0,450.0,120.0,1.0,0.140658,220
Ir,,,100.0,0.0,0.0,100.0,720.0,600.0,120.0,1.0,0.118048,265
Ir,,,100.0,0.0,0.0,100.0,720.0,750.0,120.0,1.0,0.118048,273
Ir,,,100.0,0.0,0.0,100.0,720.0,450.0,120.0,0.2,0.072352,400
Ir,,,100.0,0.0,0.0,100.0,720.0,450.0,120.0,0.2,0.118048,199
Ir,,,100.0,0.0,0.0,100.0,720.0,450.0,120.0,0.2,0.140658,230
Ir,,,100.0,0.0,0.0,100.0,720.0,450.0,120.0,0.1,0.072352,310
Ir,,,100.0,0.0,0.0,100.0,720.0,450.0,120.0,0.1,0.118048,190
Ir,,,100.0,0.0,0.0,100.0,720.0,450.0,120.0,0.1,0.140658,212
Ni,Ir,,92.45048597,7.549514027,0.0,120.0,13.0,200.0,23.0,0.1,0.014915267,316
Ni,Ir,,92.45048597,7.549514027,0.0,120.0,13.0,300.0,23.0,0.1,0.011801111,341
Ni,Ir,,92.45048597,7.549514027,0.0,120.0,13.0,200.0,23.0,0.1,0.039519084,291
Ni,Ir,,92.45048597,7.549514027,0.0,120.0,13.0,200.0,23.0,0.1,0.065015267,281
Ir,,,100.0,0.0,0.0,25.0,600.0,300.0,0.0,1.0,1.7,220
Ir,,,100.0,0.0,0.0,25.0,600.0,350.0,0.0,1.0,1.7,185
Ir,,,100.0,0.0,0.0,25.0,600.0,400.0,0.0,1.0,1.7,225
Ir,,,100.0,0.0,0.0,180.0,1440.0,50.0,60.0,1.0,0.463414634,262
Ir,,,100.0,0.0,0.0,180.0,1440.0,100.0,60.0,1.0,0.469135802,284
Ir,,,100.0,0.0,0.0,180.0,1440.0,200.0,60.0,1.0,0.452380952,293
Ir,,,100.0,0.0,0.0,180.0,1440.0,300.0,60.0,1.0,0.447058824,302
Ir,,,100.0,0.0,0.0,180.0,1440.0,400.0,60.0,1.0,0.441860465,309
Ir,,,100.0,0.0,0.0,180.0,1440.0,500.0,60.0,1.0,0.426966292,350
Co,Ir,,99.94555414,0.054445865,0.0,25.0,180.0,400.0,180.0,0.1,0.102040816,425
Co,Ir,,99.72836226,0.271637742,0.0,25.0,180.0,400.0,180.0,0.1,0.102040816,380
Co,Ir,,98.65641008,1.34358992,0.0,25.0,180.0,400.0,180.0,0.1,0.102040816,347
Co,Ir,,97.34844617,2.651553831,0.0,25.0,180.0,400.0,180.0,0.1,0.102040816,296
Co,Ir,,78.59302006,21.40697994,0.0,25.0,180.0,400.0,180.0,0.1,0.102040816,315
Co,Ir,,97.34844617,2.651553831,0.0,25.0,0.0,25.0,0.0,0.1,0.000714286,413
Ir,,,100.0,0.0,0.0,200.0,1160.0,500.0,1200.0,0.1,0.05,438
Ru,,,100.0,0.0,0.0,200.0,680.0,500.0,1200.0,0.1,0.05,452
Ru,Ir,Co,44.44444444,44.44444444,11.11111111,198.0,180.0,25.0,0.0,0.1,0.051020408,236
Ru,Ir,Ni,44.44444444,44.44444444,11.11111111,198.0,180.0,25.0,0.0,0.1,0.051020408,313
Ru,Ir,Fe,44.44444444,44.44444444,11.11111111,198.0,180.0,25.0,0.0,0.1,0.051020408,392
Ru,Ir,,50.0,50.0,0.0,198.0,180.0,25.0,0.0,0.1,0.051020408,345
Au,Ir,,66.66666667,33.33333333,0.0,220.0,180.0,25.0,0.0,1.0,0.06,261
Ir,Au,,51.5974732,48.4025268,0.0,25.0,60.0,25.0,0.0,1.0,0.013956728,302
Ir,Ni,,88.88888889,11.11111111,0.0,25.0,86400.0,25.0,0.0,0.2,0.017324841,304
Se,Ru,Pt,65.82933878,32.48408078,1.686580442,180.0,720.0,300.0,600.0,1.0,0.098533793,228
Se,Ru,Pt,66.95865028,33.04134972,0.0,180.0,720.0,300.0,600.0,1.0,0.067656906,239
Se,Ru,Pt,66.51016343,32.82003984,0.669796731,180.0,720.0,300.0,600.0,1.0,0.064810541,233
Se,Ru,Pt,64.58747543,31.87127211,3.541252457,180.0,720.0,300.0,600.0,1.0,0.074931614,257
Ir,,,100.0,0.0,0.0,25.0,2880.0,400.0,180.0,1.0,0.857,252
Ir,Au,,95.0,5.0,0.0,25.0,2880.0,400.0,180.0,1.0,0.857,246
Ir,Au,,90.0,10.0,0.0,25.0,2880.0,400.0,180.0,1.0,0.857,241
Ir,Au,,67.0,33.0,0.0,25.0,2880.0,400.0,180.0,1.0,0.857,267
Au,,,100.0,0.0,0.0,25.0,2880.0,400.0,180.0,1.0,0.857,1130
Na,Ru,,91.28194296,8.718057041,0.0,25.0,0.0,450.0,180.0,0.1,0.404,205
Na,Ru,,91.28194296,8.718057041,0.0,25.0,0.0,400.0,180.0,0.1,0.404,229
Na,Ru,,91.28194296,8.718057041,0.0,25.0,0.0,500.0,180.0,0.1,0.404,248
Na,Ru,,91.28194296,8.718057041,0.0,25.0,0.0,550.0,180.0,0.1,0.404,245
Na,Ru,,91.28194296,8.718057041,0.0,25.0,0.0,450.0,30.0,0.1,0.404,215
Na,Ru,,91.28194296,8.718057041,0.0,25.0,0.0,450.0,60.0,0.1,0.404,208
Na,Ru,,91.28194296,8.718057041,0.0,25.0,0.0,450.0,300.0,0.1,0.404,250
Ru,Y,,50.0,50.0,0.0,300.0,120.0,550.0,300.0,0.1,0.025,270
Ir,Y,,50.0,50.0,0.0,80.0,300.0,1000.0,720.0,0.1,0.102,370
Ir,Bi,,50.0,50.0,0.0,25.0,180.0,240.0,7200.0,2.0,0.402,360
Co,Ti,,66.66666667,33.33333333,0.0,25.0,0.0,900.0,360.0,1.0,0.666666667,558
Co,,,100.0,0.0,0.0,25.0,0.0,800.0,360.0,1.0,0.666666667,885
Ru,Sr,Ir,62.5,25.0,12.5,25.0,4320.0,500.0,60.0,1.0,0.32,193
Ru,Ir,,83.33333333,16.66666667,0.0,25.0,4320.0,500.0,60.0,1.0,0.32,239
Ru,Sr,,62.5,37.5,0.0,25.0,4320.0,500.0,60.0,1.0,0.32,238
Ru,Sr,Ir,62.5,25.0,12.5,25.0,4320.0,500.0,60.0,1.0,1.5,180
Ru,Ir,,83.33333333,16.66666667,0.0,25.0,4320.0,500.0,60.0,1.0,1.5,219
Ru,Sr,,62.5,37.5,0.0,25.0,4320.0,500.0,60.0,1.0,1.5,235
Ru,Ir,Ir,33.33333333,33.33333333,33.33333333,25.0,4320.0,500.0,60.0,1.0,0.32,229
Ir,Sr,Ru,55.55555556,33.33333333,11.11111111,25.0,4320.0,500.0,60.0,1.0,0.32,253
Ru,Ir,Sr,77.77777778,11.11111111,11.11111111,25.0,4320.0,500.0,60.0,1.0,0.32,235
Sr,Ir,Ru,77.77777778,11.11111111,11.11111111,25.0,4320.0,500.0,60.0,1.0,0.32,247
Ti,Ir,,87.15203426,12.84796574,0.0,160.0,180.0,25.0,0.0,0.1,0.04375,362
Ti,Ir,Mo,82.00424178,13.67974549,4.316012725,100.0,30.0,25.0,0.0,0.1,0.04375,340
Ti,Mo,Ir,72.62160542,13.69864908,13.67974549,100.0,30.0,25.0,0.0,0.1,0.04375,328
Ti,Mo,Ir,57.10416837,29.21608614,13.67974549,100.0,30.0,25.0,0.0,0.1,0.04375,307
Ti,Mo,Ir,44.79723553,41.52301898,13.67974549,100.0,30.0,25.0,0.0,0.1,0.04375,295
Mo,Ti,Ir,51.52240191,34.7978526,13.67974549,100.0,30.0,25.0,0.0,0.1,0.04375,289
Mo,Ti,Ir,59.80760491,26.5126496,13.67974549,100.0,30.0,25.0,0.0,0.1,0.04375,299
Ir,Co,,75.0,25.0,0.0,180.0,720.0,200.0,300.0,0.1,0.0255,247
Ir,Co,,75.0,25.0,0.0,180.0,720.0,25.0,0.0,0.1,0.0255,280
Mn,,,100.0,0.0,0.0,220.0,10.0,220.0,360.0,2.0,3.5,488
Mn,,,100.0,0.0,0.0,220.0,10.0,220.0,360.0,2.0,3.5,412
Ir,Ru,Te,37.4747407,37.47014966,25.05510964,180.0,1080.0,25.0,0.0,1.0,0.15,223
Ir,Ru,Te,37.4747407,37.47014966,25.05510964,180.0,1080.0,25.0,0.0,1.0,0.3,218
Ir,Ru,Te,37.4747407,37.47014966,25.05510964,180.0,1080.0,25.0,0.0,1.0,0.6,210
Ir,Ru,Te,37.4747407,37.47014966,25.05510964,180.0,1080.0,25.0,0.0,1.0,0.9,206
Ir,Ru,Te,37.4747407,37.47014966,25.05510964,180.0,1080.0,25.0,0.0,0.1,0.15,244
S,Ni,,85.71428571,14.28571429,0.0,25.0,0.0,600.0,120.0,1.0,0.294,337
Ir,Ta,,70.0,30.0,0.0,25.0,0.0,250.0,60.0,0.2,0.661956411,396
Ir,Ta,,70.0,30.0,0.0,25.0,0.0,300.0,60.0,0.2,0.661956411,309
Ir,Ta,,70.0,30.0,0.0,25.0,0.0,350.0,60.0,0.2,0.661956411,294
Ir,Ta,,70.0,30.0,0.0,25.0,0.0,400.0,60.0,0.2,0.661956411,334
Ir,Ta,,70.0,30.0,0.0,25.0,0.0,450.0,60.0,0.2,0.661956411,362
Ir,Ta,,70.0,30.0,0.0,25.0,0.0,550.0,60.0,0.2,0.661956411,392
Ir,,,100.0,0.0,0.0,25.0,0.0,490.0,30.0,1.0,0.99,278
Ir,Ru,,80.0,20.0,0.0,25.0,0.0,490.0,30.0,1.0,0.99,280
Ir,Ru,,60.0,40.0,0.0,25.0,0.0,490.0,30.0,1.0,0.99,262
Ru,Ir,,60.0,40.0,0.0,25.0,0.0,490.0,30.0,1.0,0.99,218
Ru,Ir,,80.0,20.0,0.0,25.0,0.0,490.0,30.0,1.0,0.99,207
Ru,,,100.0,0.0,0.0,25.0,0.0,490.0,30.0,1.0,0.99,194
S,Ru,Fe,97.67869455,1.160652724,1.160652724,200.0,120.0,400.0,300.0,0.1,0.038860759,187
S,Ru,,98.82571794,1.17428206,0.0,200.0,120.0,400.0,300.0,0.1,0.026962025,232
Ag,Ir,,60.04378186,39.95621814,0.0,200.0,300.0,300.0,120.0,1.0,0.03378,285
Ag,Ir,,75.03419522,24.96580478,0.0,200.0,300.0,300.0,120.0,1.0,0.05427,302
Ag,Ir,,60.04378186,39.95621814,0.0,200.0,300.0,300.0,120.0,0.1,0.03378,296
Ag,Ir,,75.03419522,24.96580478,0.0,200.0,300.0,300.0,120.0,0.1,0.05427,325
Ir,,,100.0,0.0,0.0,70.0,180.0,450.0,240.0,1.0,0.106,303
Ir,,,100.0,0.0,0.0,120.0,240.0,120.0,240.0,0.2,0.088666667,270
K,Ir,,80.0,20.0,0.0,25.0,0.0,780.0,60.0,0.1,0.00598,420
Ir,Ru,Mn,64.63570916,20.11113159,15.25315925,200.0,360.0,25.0,0.0,0.1,0.5,260
Cu,Ir,,50.0,50.0,0.0,250.0,120.0,25.0,0.0,0.1,0.050955414,288
Ir,Cu,,55.55555556,44.44444444,0.0,250.0,120.0,25.0,0.0,0.1,0.050955414,292
Cu,Ir,,60.0,40.0,0.0,250.0,120.0,25.0,0.0,0.1,0.050955414,295
Ni,Ir,,60.0,40.0,0.0,250.0,120.0,25.0,0.0,0.1,0.050955414,313
Ni,Ir,,50.0,50.0,0.0,250.0,120.0,25.0,0.0,0.1,0.050955414,302
Ir,Ni,,60.0,40.0,0.0,250.0,120.0,25.0,0.0,0.1,0.050955414,309
Ir,Ni,,66.66666667,33.33333333,0.0,250.0,120.0,25.0,0.0,0.1,0.050955414,312
Ru,,,100.0,0.0,0.0,150.0,360.0,550.0,600.0,1.0,0.357,278
Ru,Y,Fe,50.0,45.0,5.0,80.0,30.0,1000.0,360.0,2.0,0.0125,411
Ru,Y,,50.0,50.0,0.0,80.0,30.0,1000.0,360.0,2.0,0.0125,362
Ru,Y,Cu,50.0,45.0,5.0,80.0,30.0,1000.0,360.0,2.0,0.0125,360
Mn,,,100.0,0.0,0.0,25.0,0.0,400.0,20.0,1.0,1.0,216
Mn,,,100.0,0.0,0.0,25.0,0.0,400.0,40.0,1.0,1.0,453
Mn,,,100.0,0.0,0.0,25.0,0.0,400.0,20.0,1.0,1.0,569
Ir,,,100.0,0.0,0.0,25.0,0.0,450.0,60.0,1.0,0.102,312
Ir,,,100.0,0.0,0.0,25.0,0.0,500.0,60.0,1.0,0.102,367
Ir,,,100.0,0.0,0.0,25.0,0.0,600.0,60.0,1.0,0.102,428
Ir,,,100.0,0.0,0.0,25.0,0.0,700.0,60.0,1.0,0.102,459
Ru,,,100.0,0.0,0.0,80.0,180.0,500.0,120.0,1.0,0.7,200
Ru,,,100.0,0.0,0.0,80.0,180.0,800.0,240.0,1.0,0.7,310
Ru,,,100.0,0.0,0.0,160.0,600.0,25.0,0.0,1.0,0.7,276
Ir,Pr,,90.0,10.0,0.0,180.0,1440.0,25.0,0.0,1.0,0.463414634,288
Ir,Pr,,70.0,30.0,0.0,180.0,1440.0,25.0,0.0,1.0,0.422222222,304
Ir,Pr,,49.0,51.0,0.0,180.0,1440.0,25.0,0.0,1.0,0.413043478,313
Ir,Mo,,90.0,10.0,0.0,25.0,40.0,400.0,15.0,0.1,0.081528662,284
Ir,Mo,,90.0,10.0,0.0,25.0,40.0,450.0,15.0,0.1,0.081528662,260
Ir,Mo,,70.0,30.0,0.0,25.0,40.0,450.0,15.0,0.1,0.081528662,275
Ir,Mo,,70.0,30.0,0.0,25.0,40.0,500.0,15.0,0.1,0.081528662,275
Ir,Mo,,70.0,30.0,0.0,25.0,40.0,550.0,15.0,0.1,0.081528662,287
Ir,Mo,,50.0,50.0,0.0,25.0,40.0,500.0,15.0,0.1,0.081528662,291
Ir,Mo,,50.0,50.0,0.0,25.0,40.0,550.0,15.0,0.1,0.081528662,276
Ir,Mo,,50.0,50.0,0.0,25.0,40.0,600.0,15.0,0.1,0.081528662,286
Ir,,,100.0,0.0,0.0,25.0,2880.0,200.0,180.0,1.0,0.14,411
Ir,,,100.0,0.0,0.0,25.0,2880.0,300.0,180.0,1.0,0.14,305
Ir,,,100.0,0.0,0.0,25.0,2880.0,400.0,180.0,1.0,0.14,285
Ir,,,100.0,0.0,0.0,25.0,2880.0,500.0,180.0,1.0,0.14,297
Ir,,,100.0,0.0,0.0,25.0,2880.0,600.0,180.0,1.0,0.14,582
Zn,Ir,Ru,92.72649795,3.906139992,3.367362062,80.0,120.0,350.0,120.0,1.0,0.1167,233
Ir,,,100.0,0.0,0.0,25.0,30.0,450.0,60.0,1.0,0.0595,330
Ti,Ir,,84.32131463,15.67868537,0.0,60.0,720.0,25.0,0.0,1.0,0.079617834,293
Ru,Co,,53.21662487,46.78337513,0.0,190.0,240.0,200.0,30.0,1.0,0.203821656,199
Ru,Fe,,77.30102973,22.69897027,0.0,190.0,240.0,200.0,30.0,1.0,0.203821656,229
Ru,Ni,,85.71054608,14.28945392,0.0,190.0,240.0,200.0,30.0,1.0,0.203821656,216
Ru,Co,,53.21662487,46.78337513,0.0,190.0,240.0,200.0,30.0,0.1,0.203821656,209
Ru,Fe,,77.30102973,22.69897027,0.0,190.0,240.0,200.0,30.0,0.1,0.203821656,239
Ru,Ni,,85.71054608,14.28945392,0.0,190.0,240.0,200.0,30.0,0.1,0.203821656,224
Ir,Sn,,60.0,40.0,0.0,60.0,30.0,400.0,120.0,1.0,0.994718394,233
Pt,Co,,64.43363296,35.56636704,0.0,220.0,600.0,220.0,60.0,0.1,0.008331738,571
Pt,Co,Ir,53.38019452,29.46504029,17.15476519,220.0,600.0,220.0,60.0,0.1,0.009840897,336
Pt,Ir,Co,45.56382699,25.15052652,29.28564649,220.0,600.0,220.0,60.0,0.1,0.010420927,309
Ir,Pt,Co,45.30378628,35.24275759,19.45345613,220.0,600.0,220.0,60.0,0.1,0.013955583,313
Ti,Ru,,99.9062727,0.093727303,0.0,0.0,60.0,25.0,0.0,0.1,0.611464968,290
Ir,La,Pt,82.43833712,9.376154773,8.185508106,60.0,720.0,900.0,180.0,1.0,0.0275,206
Ir,La,Pt,79.19699875,9.007499954,11.7955013,60.0,720.0,900.0,180.0,1.0,0.0275,209
Ir,La,,95.27019249,4.729807515,0.0,60.0,720.0,900.0,180.0,1.0,0.0275,260
Ir,La,,90.9676001,9.0323999,0.0,60.0,720.0,900.0,180.0,1.0,0.0275,220
Ir,La,,87.03684227,12.96315773,0.0,60.0,720.0,900.0,180.0,1.0,0.0275,227
Ir,Pd,Pt,65.5835803,17.48608432,16.93033539,180.0,120.0,25.0,0.0,1.0,0.021862608,275
Ru,,,100.0,0.0,0.0,25.0,0.083333333,350.0,80.0,1.0,0.52,255
Ru,Zn,,87.90603473,12.09396527,0.0,25.0,0.083333333,350.0,80.0,1.0,0.52,213
Ru,Zn,,78.42173708,21.57826292,0.0,25.0,0.083333333,350.0,80.0,1.0,0.52,189
Ru,Zn,,64.5030906,35.4969094,0.0,25.0,0.083333333,350.0,80.0,1.0,0.52,179
Ru,Zn,,64.5030906,35.4969094,0.0,25.0,0.083333333,350.0,80.0,0.1,0.52,205
Ru,Zn,,64.5030906,35.4969094,0.0,25.0,0.083333333,350.0,80.0,6.0,0.52,200
Ir,C,,100.0,0.0,0.0,25.0,30.0,400.0,120.0,1.0,0.004,314
Ir,C,,100.0,0.0,0.0,25.0,30.0,400.0,120.0,1.0,0.008,306
Ir,C,,100.0,0.0,0.0,25.0,30.0,400.0,120.0,1.0,0.012,285
Ir,C,,100.0,0.0,0.0,25.0,30.0,400.0,120.0,1.0,0.016,273
Ir,,,100.0,0.0,0.0,25.0,30.0,400.0,30.0,1.0,0.13,306
Ir,,,100.0,0.0,0.0,25.0,30.0,400.0,30.0,1.0,0.25,281
Ir,,,100.0,0.0,0.0,25.0,30.0,400.0,30.0,1.0,0.35,277
Ir,,,100.0,0.0,0.0,25.0,30.0,400.0,30.0,1.0,0.6,271
Ir,,,100.0,0.0,0.0,25.0,30.0,400.0,30.0,0.1,0.25,304
Ir,,,100.0,0.0,0.0,25.0,30.0,400.0,30.0,1.0,0.25,299
Ir,,,100.0,0.0,0.0,25.0,30.0,400.0,30.0,1.0,0.25,300
Ir,,,100.0,0.0,0.0,320.0,120.0,25.0,0.0,0.5,0.105,290
Ru,,,100.0,0.0,0.0,25.0,120.0,350.0,120.0,1.0,0.5,209
Ru,Sn,,95.23809524,4.761904762,0.0,25.0,120.0,350.0,120.0,1.0,0.5,228
Ru,Sn,,90.90909091,9.090909091,0.0,25.0,120.0,350.0,120.0,1.0,0.5,178
Ru,Sn,,83.33333333,16.66666667,0.0,25.0,120.0,350.0,120.0,1.0,0.5,198
Ir,,,100.0,0.0,0.0,25.0,120.0,25.0,0.0,0.1,0.0306,270
Ir,,,100.0,0.0,0.0,80.0,60.0,350.0,30.0,1.0,0.25,304
Ir,,,100.0,0.0,0.0,80.0,60.0,450.0,30.0,1.0,0.25,314
Ir,,,100.0,0.0,0.0,80.0,60.0,550.0,30.0,1.0,0.25,325
Ir,,,100.0,0.0,0.0,80.0,60.0,650.0,30.0,1.0,0.25,341
Ir,,,100.0,0.0,0.0,160.0,300.0,25.0,0.0,1.0,0.0115,240
Zn,Ir,,51.03216515,48.96783485,0.0,25.0,720.0,200.0,60.0,1.0,0.095541401,252
Zn,Ir,,51.03216515,48.96783485,0.0,25.0,720.0,200.0,60.0,1.0,0.095541401,248
Zn,Ir,,51.03216515,48.96783485,0.0,25.0,720.0,300.0,60.0,1.0,0.095541401,263
Ru,Rh,,90.01459085,9.985409148,0.0,180.0,140.0,286.0,120.0,0.1,0.0204,245
Co,Ir,,75.73814378,24.26185622,0.0,25.0,2.0,25.0,0.0,1.0,0.05,284
Co,Ir,,75.73814378,24.26185622,0.0,25.0,2.0,25.0,0.0,1.0,0.05,314
Co,Ir,,75.73814378,24.26185622,0.0,25.0,2.0,25.0,0.0,1.0,0.01625,324
Co,Ir,,75.73814378,24.26185622,0.0,25.0,2.0,25.0,0.0,1.0,0.0325,284
Co,Ir,,75.73814378,24.26185622,0.0,25.0,2.0,25.0,0.0,1.0,0.065,255
Ru,Ce,,59.88023952,40.11976048,0.0,225.0,7200.0,25.0,0.0,1.0,0.5,214
Ce,Ir,Ru,40.11976048,29.94011976,29.94011976,225.0,7200.0,25.0,0.0,1.0,0.5,252
Ir,Ce,,59.88023952,40.11976048,0.0,240.0,7200.0,25.0,0.0,1.0,0.5,278
Mo,Ir,,80.0,20.0,0.0,180.0,720.0,450.0,360.0,0.1,0.2,410
Mo,Ir,,70.0,30.0,0.0,180.0,720.0,450.0,360.0,0.1,0.2,347
Mo,Ir,,60.0,40.0,0.0,180.0,720.0,450.0,360.0,0.1,0.2,425
W,Ir,,98.561601,1.438398999,0.0,25.0,0.0,900.0,180.0,1.0,5.2,280
W,Ir,,97.02532438,2.974675623,0.0,25.0,0.0,900.0,180.0,1.0,5.2,237
W,Ir,,93.99477807,6.005221932,0.0,25.0,0.0,900.0,180.0,1.0,5.2,197
W,Ir,,87.95811518,12.04188482,0.0,25.0,0.0,900.0,180.0,1.0,5.2,216
Ir,,,100.0,0.0,0.0,200.0,720.0,25.0,0.0,1.0,0.0054314,297
Ir,,,100.0,0.0,0.0,200.0,720.0,25.0,0.0,1.0,0.006676096,286
Ir,,,100.0,0.0,0.0,200.0,720.0,25.0,0.0,1.0,0.009165488,279
Ir,,,100.0,0.0,0.0,200.0,720.0,25.0,0.0,1.0,0.006449788,328
Ir,,,100.0,0.0,0.0,200.0,720.0,25.0,0.0,1.0,0.006902405,318
Ir,,,100.0,0.0,0.0,200.0,720.0,25.0,0.0,1.0,0.006336634,301
Cu,Ru,,75.7212496,24.2787504,0.0,25.0,60.0,25.0,0.0,1.0,0.25477707,227
Cu,Ru,,75.7212496,24.2787504,0.0,25.0,120.0,25.0,0.0,1.0,0.25477707,200
Cu,Ru,,75.7212496,24.2787504,0.0,25.0,180.0,25.0,0.0,1.0,0.25477707,235
Cu,Ru,,75.7212496,24.2787504,0.0,25.0,240.0,25.0,0.0,1.0,0.25477707,244
Al,Ru,,88.08499371,11.91500629,0.0,25.0,120.0,25.0,0.0,1.0,0.25477707,248
Fe,Ru,,78.0911954,21.9088046,0.0,25.0,120.0,25.0,0.0,1.0,0.25477707,260
Co,Ru,,77.48490907,22.51509093,0.0,25.0,120.0,25.0,0.0,1.0,0.25477707,234
Ru,Co,,82.78681103,17.21318897,0.0,25.0,120.0,25.0,0.0,1.0,0.25477707,246
Ru,Co,,61.58524264,38.41475736,0.0,25.0,120.0,25.0,0.0,1.0,0.25477707,243
Cu,Ru,,55.50673656,44.49326344,0.0,25.0,120.0,25.0,0.0,1.0,0.25477707,240
Cu,Ru,,65.17253201,34.82746799,0.0,25.0,120.0,25.0,0.0,1.0,0.25477707,224
Cu,Ru,,71.38820837,28.61179163,0.0,25.0,120.0,25.0,0.0,1.0,0.25477707,219
Cu,Ru,,78.91449167,21.08550833,0.0,25.0,120.0,25.0,0.0,1.0,0.25477707,237
Cu,Ru,,75.7212496,24.2787504,0.0,25.0,120.0,25.0,0.0,0.1,0.25477707,243
Co,Mn,,66.66666667,33.33333333,0.0,25.0,0.0,25.0,0.0,1.0,10.0,330
Ir,,,100.0,0.0,0.0,25.0,0.0,500.0,60.0,1.0,0.857142857,265
Ir,Co,,75.0,25.0,0.0,25.0,0.0,500.0,60.0,1.0,0.857142857,253
Ir,Co,,50.0,50.0,0.0,25.0,0.0,500.0,60.0,1.0,0.857142857,248
Co,Ir,,75.0,25.0,0.0,25.0,0.0,500.0,60.0,1.0,0.857142857,252
Ru,,,100.0,0.0,0.0,25.0,300.0,350.0,30.0,1.0,1.0,181
Ru,,,100.0,0.0,0.0,25.0,300.0,350.0,60.0,1.0,1.0,217
Ru,,,100.0,0.0,0.0,25.0,300.0,250.0,30.0,1.0,1.0,180
Ru,,,100.0,0.0,0.0,25.0,300.0,450.0,30.0,1.0,1.0,186
Ru,,,100.0,0.0,0.0,25.0,300.0,550.0,30.0,1.0,1.0,221
Ru,,,100.0,0.0,0.0,210.0,180.0,250.0,90.0,1.0,0.08492569,256
Ru,Pt,,87.54759065,12.45240935,0.0,210.0,300.0,250.0,90.0,1.0,0.08492569,240
Ru,Pt,,94.25441683,5.745583172,0.0,210.0,300.0,250.0,90.0,1.0,0.08492569,227
Ru,Pt,,77.85301458,22.14698542,0.0,210.0,300.0,250.0,90.0,1.0,0.08492569,265
Ru,,,100.0,0.0,0.0,210.0,180.0,250.0,90.0,0.1,0.08492569,271
Ru,Pt,,87.54759065,12.45240935,0.0,210.0,300.0,250.0,90.0,0.1,0.08492569,252
Ru,Pt,,94.25441683,5.745583172,0.0,210.0,300.0,250.0,90.0,0.1,0.08492569,234
Ru,Pt,,77.85301458,22.14698542,0.0,210.0,300.0,250.0,90.0,0.1,0.08492569,280
Y,Ru,,50.0,50.0,0.0,80.0,300.0,1000.0,720.0,0.1,0.0255102,379
Y,Ru,Mn,50.0,45.0,5.0,80.0,300.0,1000.0,720.0,0.1,0.0255102,401
Y,Ru,Mn,50.0,40.0,10.0,80.0,300.0,1000.0,720.0,0.1,0.0255102,403
Y,Ru,Mn,50.0,35.0,15.0,80.0,300.0,1000.0,720.0,0.1,0.0255102,419
Y,Ru,Mn,50.0,30.0,20.0,80.0,300.0,1000.0,720.0,0.1,0.0255102,398
Y,Ru,Mn,50.0,25.0,25.0,80.0,300.0,1000.0,720.0,0.1,0.0255102,389
Y,Mn,Ru,50.0,30.0,20.0,80.0,300.0,1000.0,720.0,0.1,0.0255102,416
Ru,,,100.0,0.0,0.0,25.0,0.0,700.0,120.0,1.0,0.282142857,176
Ir,Ni,,66.66666667,33.33333333,0.0,40.0,180.0,25.0,0.0,1.0,0.285,238
B,Ru,,75.0,25.0,0.0,180.0,640.0,300.0,120.0,1.0,0.10191,200
B,Ru,,66.66666667,33.33333333,0.0,180.0,640.0,300.0,120.0,1.0,0.10191,256
B,Ru,,80.0,20.0,0.0,180.0,640.0,300.0,120.0,1.0,0.10191,241
Ir,Ru,,68.43867012,31.56132988,0.0,90.0,180.0,350.0,120.0,1.0,0.071428571,288
Fe,Ir,,99.77820683,0.221793169,0.0,80.0,360.0,900.0,360.0,1.0,0.255,437
Fe,Ir,,99.11869137,0.881308628,0.0,80.0,360.0,900.0,360.0,1.0,0.255,300
Fe,Ir,,98.25278114,1.747218865,0.0,80.0,360.0,900.0,360.0,1.0,0.255,363
Fe,Ir,,99.11869137,0.881308628,0.0,80.0,360.0,850.0,360.0,1.0,0.255,395
Fe,Ir,,99.11869137,0.881308628,0.0,80.0,360.0,950.0,360.0,1.0,0.255,370
Ir,Pt,Pd,50.0,45.0,5.0,140.0,360.0,25.0,0.0,1.0,0.318696882,381
Pt,Ir,Pd,65.0,30.0,5.0,140.0,360.0,25.0,0.0,1.0,0.318696882,391
Ru,Ir,Te,40.18838305,40.18838305,19.62323391,190.0,120.0,25.0,0.0,1.0,0.354107649,205
Ir,Te,,67.19160105,32.80839895,0.0,190.0,120.0,25.0,0.0,1.0,0.354107649,311
Ir,Pt,Pd,41.1562384,30.51584506,28.32791654,200.0,60.0,25.0,0.0,0.1,0.010191083,358
Ir,Pt,Pd,41.1562384,30.51584506,28.32791654,200.0,60.0,400.0,120.0,0.1,0.010191083,337
Ir,Pt,,50.0,50.0,0.0,180.0,1440.0,350.0,240.0,1.0,0.040816327,334
Pd,Ir,Pt,74.60966593,18.36918298,7.02115109,190.0,10.0,25.0,0.0,0.1,0.0153,271
Pd,Pt,Ir,75.04973528,17.09223589,7.858028832,190.0,10.0,25.0,0.0,0.1,0.0153,312
Pd,Ir,Pt,74.0323118,17.51141121,8.456276994,190.0,10.0,25.0,0.0,0.1,0.0153,259
S,Mo,Ru,93.60374415,6.24024961,0.15600624,80.0,600.0,600.0,120.0,1.0,0.714,265
Ir,Pb,,83.33333333,16.66666667,0.0,190.0,300.0,25.0,0.0,0.1,0.032611465,444
Ir,Pb,,80.0,20.0,0.0,190.0,300.0,25.0,0.0,0.1,0.032611465,381
Ir,Pb,,75.0,25.0,0.0,190.0,300.0,25.0,0.0,0.1,0.032611465,308
Ir,Zn,,65.89518971,34.10481029,0.0,70.0,75.0,600.0,720.0,1.0,0.849858357,254
Ir,Zn,,65.89518971,34.10481029,0.0,70.0,75.0,600.0,180.0,1.0,0.849858357,270
Ir,Zn,,65.89518971,34.10481029,0.0,70.0,75.0,600.0,60.0,1.0,0.849858357,267
Ir,,,100.0,0.0,0.0,70.0,75.0,600.0,720.0,1.0,0.849858357,297
Ru,Mn,Fe,50.0,25.0,25.0,150.0,600.0,600.0,360.0,0.1,0.2,323
Ru,Mn,Fe,70.0,15.0,15.0,150.0,600.0,600.0,360.0,0.1,0.2,281
Ru,Mn,Fe,80.0,10.0,10.0,150.0,600.0,600.0,360.0,0.1,0.2,336
Ru,Mn,Fe,90.0,5.0,5.0,150.0,600.0,600.0,360.0,0.1,0.2,262
Ru,Co,Ni,90.0,6.0,4.0,150.0,600.0,600.0,360.0,0.1,0.2,332
Ru,Co,Ni,90.0,5.0,5.0,150.0,600.0,600.0,360.0,0.1,0.2,364
Ru,Co,Ni,80.0,12.0,8.0,150.0,600.0,600.0,360.0,0.1,0.2,400
Ru,Co,Ni,70.0,18.0,12.0,150.0,600.0,600.0,360.0,0.1,0.2,371
Ru,Co,Ni,70.0,15.0,15.0,150.0,600.0,600.0,360.0,0.1,0.2,456
Co,,,100.0,0.0,0.0,25.0,3.5,300.0,70.0,0.1,0.040677966,564
Co,,,100.0,0.0,0.0,25.0,3.5,300.0,70.0,0.1,0.174135684,520
Co,Li,,95.0,5.0,0.0,25.0,3.5,300.0,70.0,0.1,0.174135684,508
Co,Li,,92.5,7.5,0.0,25.0,3.5,300.0,70.0,0.1,0.174135684,513
Co,Li,,90.0,10.0,0.0,25.0,3.5,300.0,70.0,0.1,0.174135684,517
Se,Ir,Bi,61.53846154,30.76923077,7.692307692,25.0,180.0,900.0,7200.0,1.0,0.25,379
Ir,,,100.0,0.0,0.0,160.0,180.0,25.0,0.0,2.0,0.25,288
Ir,,,100.0,0.0,0.0,80.0,60.0,550.0,30.0,2.0,0.25,315
Ru,,,100.0,0.0,0.0,145.0,2880.0,25.0,0.0,0.1,0.127388535,180
Fe,Ir,,66.80865733,33.19134267,0.0,25.0,360.0,25.0,0.0,1.0,0.285,254
Ir,,,100.0,0.0,0.0,25.0,360.0,25.0,0.0,1.0,0.285,266
Zn,Ir,,98.20770931,1.792290695,0.0,25.0,300.0,950.0,120.0,1.0,0.010265494,360
Zn,Ir,,96.47853353,3.521466474,0.0,25.0,300.0,950.0,120.0,1.0,0.010026761,427
Ir,Ni,,60.0,40.0,0.0,160.0,300.0,200.0,120.0,0.1,0.032648,321
F,Co,Mn,75.0,24.25,0.75,130.0,540.0,350.0,120.0,1.0,100.0,334
F,Co,Mn,75.0,23.5,1.5,130.0,540.0,350.0,120.0,1.0,100.0,332
F,Co,Mn,75.0,22.75,2.25,130.0,540.0,350.0,120.0,1.0,100.0,366
F,Co,Mn,75.0,22.0,3.0,130.0,540.0,350.0,120.0,1.0,100.0,397
F,Co,Mn,75.0,21.25,3.75,130.0,540.0,350.0,120.0,1.0,100.0,451
F,Co,,75.0,25.0,0.0,130.0,540.0,350.0,120.0,1.0,100.0,475
F,Co,Mn,75.0,24.25,0.75,130.0,540.0,25.0,0.0,1.0,121.3333333,479
F,Co,Mn,75.0,23.5,1.5,130.0,540.0,25.0,0.0,1.0,121.3333333,386
F,Co,Mn,75.0,22.75,2.25,130.0,540.0,25.0,0.0,1.0,121.3333333,502
F,Co,Mn,75.0,22.0,3.0,130.0,540.0,25.0,0.0,1.0,121.3333333,614
F,Co,Mn,75.0,21.25,3.75,130.0,540.0,25.0,0.0,1.0,121.3333333,608
F,Co,,75.0,25.0,0.0,130.0,540.0,25.0,0.0,1.0,121.3333333,646
Ni,Ir,,79.75708502,20.24291498,0.0,80.0,30.0,400.0,240.0,1.0,0.041,399
W,,,100.0,0.0,0.0,180.0,960.0,300.0,180.0,1.0,6.0,770
W,,,100.0,0.0,0.0,180.0,960.0,300.0,180.0,1.0,6.0,590
Mn,,,100.0,0.0,0.0,160.0,720.0,25.0,0.0,0.1,0.25477707,618
Mn,,,100.0,0.0,0.0,25.0,1200.0,25.0,0.0,0.1,0.25477707,577
Mn,,,100.0,0.0,0.0,150.0,600.0,550.0,240.0,0.1,0.25477707,513
Sr,Ir,Zn,50.0,40.0,10.0,25.0,0.0,1100.0,1440.0,0.1,0.126234756,411
Rh,Co,,50.0,50.0,0.0,90.0,120.0,240.0,360.0,1.0,2.0,250
V,Ir,,86.48558887,13.51441113,0.0,25.0,720.0,400.0,240.0,1.0,0.592216582,267
V,Ir,,86.48558887,13.51441113,0.0,25.0,720.0,500.0,240.0,1.0,0.592216582,295
Ru,Pt,,66.37974684,33.62025316,0.0,25.0,0.0,200.0,5.0,0.1,0.1,235
Ru,,,100.0,0.0,0.0,25.0,0.0,200.0,5.0,0.1,0.1,272
Pt,,,100.0,0.0,0.0,25.0,0.0,200.0,5.0,0.1,0.1,720
Ru,Pt,,50.0,50.0,0.0,25.0,0.0,200.0,5.0,0.1,0.1,276
Ru,Pt,,75.0,25.0,0.0,25.0,0.0,200.0,5.0,0.1,0.1,262
Cu,,,100.0,0.0,0.0,25.0,0.0,800.0,180.0,1.0,0.08,762
Sn,Ir,Sb,66.5,30.0,3.5,250.0,60.0,25.0,0.0,1.0,0.02,311
Sn,Ir,Sb,66.5,30.0,3.5,250.0,60.0,250.0,60.0,1.0,0.02,315
Sn,Ir,Sb,66.5,30.0,3.5,250.0,60.0,350.0,60.0,1.0,0.02,342
Sn,Ir,Sb,66.5,30.0,3.5,250.0,60.0,250.0,60.0,1.0,0.02,324
Sn,Ir,Sb,66.5,30.0,3.5,250.0,60.0,350.0,60.0,1.0,0.02,342
Sn,Ir,Sb,66.5,30.0,3.5,250.0,60.0,25.0,0.0,1.0,0.05,291
Sn,Ir,Sb,66.5,30.0,3.5,250.0,60.0,250.0,60.0,1.0,0.05,292
Sn,Ir,Sb,66.5,30.0,3.5,250.0,60.0,350.0,60.0,1.0,0.05,324
Sn,Ir,Sb,66.5,30.0,3.5,250.0,60.0,250.0,60.0,1.0,0.05,316
Sn,Ir,Sb,66.5,30.0,3.5,250.0,60.0,350.0,60.0,1.0,0.05,317
Sn,Ir,Sb,66.5,30.0,3.5,250.0,60.0,25.0,0.0,1.0,0.1,288
Sn,Ir,Sb,66.5,30.0,3.5,250.0,60.0,250.0,60.0,1.0,0.1,288
Sn,Ir,Sb,66.5,30.0,3.5,250.0,60.0,350.0,60.0,1.0,0.1,321
Sn,Ir,Sb,66.5,30.0,3.5,250.0,60.0,250.0,60.0,1.0,0.1,293
Sn,Ir,Sb,66.5,30.0,3.5,250.0,60.0,350.0,60.0,1.0,0.1,314
Ru,,,100.0,0.0,0.0,180.0,720.0,450.0,360.0,0.1,0.2,315
Mo,Ru,,80.0,20.0,0.0,180.0,720.0,450.0,360.0,0.1,0.2,339
Mo,Ru,,70.0,30.0,0.0,180.0,720.0,450.0,360.0,0.1,0.2,301
Ru,Mo,,50.0,50.0,0.0,180.0,720.0,450.0,360.0,0.1,0.2,262
Ru,Mo,,70.0,30.0,0.0,180.0,720.0,450.0,360.0,0.1,0.2,280
Ru,Mo,,90.0,10.0,0.0,180.0,720.0,450.0,360.0,0.1,0.2,266
Ir,Ni,Cu,46.27532545,36.15071001,17.57396453,260.0,40.0,25.0,0.0,1.0,0.016499508,263
Ir,Ni,,56.14163679,43.85836321,0.0,260.0,40.0,25.0,0.0,1.0,0.013400673,281
Ir,Cu,,72.47586537,27.52413463,0.0,260.0,40.0,25.0,0.0,1.0,0.014603175,298
Ir,Ru,,76.92307692,23.07692308,0.0,195.0,60.0,25.0,0.0,0.1,0.01,433
Ir,Ru,,83.33333333,16.66666667,0.0,195.0,60.0,25.0,0.0,0.1,0.01,437
Ru,Y,,50.0,50.0,0.0,80.0,480.0,1050.0,720.0,1.0,0.246,304
Ru,Y,Ba,50.0,47.5,2.5,80.0,480.0,1050.0,720.0,1.0,0.246,284
Ru,Y,Ba,50.0,46.25,3.75,80.0,480.0,1050.0,720.0,1.0,0.246,279
Ru,Y,Ba,50.0,43.75,6.25,80.0,480.0,1050.0,720.0,1.0,0.246,287
Ru,Y,Ba,50.0,40.0,10.0,80.0,480.0,1050.0,720.0,1.0,0.246,300
Ca,Ir,,57.4893617,42.5106383,0.0,150.0,60.0,700.0,360.0,0.1,0.2,347
Ir,,,100.0,0.0,0.0,140.0,360.0,25.0,0.0,0.1,0.58,199
Ir,,,100.0,0.0,0.0,140.0,360.0,25.0,0.0,0.1,0.44,282
Ir,,,100.0,0.0,0.0,140.0,360.0,25.0,0.0,0.1,0.38,332
Ir,,,100.0,0.0,0.0,140.0,360.0,25.0,0.0,0.1,0.33,382
Ir,,,100.0,0.0,0.0,140.0,360.0,350.0,10.0,0.1,0.58,241
Ir,,,100.0,0.0,0.0,140.0,360.0,350.0,30.0,0.1,0.58,258
Ir,,,100.0,0.0,0.0,140.0,360.0,350.0,60.0,0.1,0.58,275
Ir,Os,,75.0,25.0,0.0,25.0,15.0,200.0,120.0,0.1,0.163057325,384
Ir,Os,,50.0,50.0,0.0,25.0,15.0,200.0,120.0,0.1,0.163057325,325
Os,Ir,,75.0,25.0,0.0,25.0,15.0,200.0,120.0,0.1,0.163057325,365
Ir,,,100.0,0.0,0.0,25.0,15.0,200.0,120.0,0.1,0.163057325,363
Ir,Ru,,50.0,50.0,0.0,25.0,15.0,200.0,120.0,0.1,0.124416136,334
Ir,Cu,,64.0,36.0,0.0,25.0,0.0,400.0,480.0,1.0,0.857142857,294
Cu,Ir,,52.0,48.0,0.0,25.0,0.0,400.0,480.0,1.0,0.857142857,257
Cu,Ir,,67.0,33.0,0.0,25.0,0.0,400.0,480.0,1.0,0.857142857,264
Cu,Ir,,93.17842831,6.82157169,0.0,200.0,300.0,250.0,60.0,0.1,0.0429,294
Cu,Ir,,93.70484007,6.295159927,0.0,200.0,300.0,250.0,60.0,0.1,0.0429,284
Cu,Ir,,95.69712396,4.302876037,0.0,200.0,300.0,250.0,60.0,0.1,0.0429,337
Ir,Ru,,50.0,50.0,0.0,195.0,120.0,400.0,120.0,0.1,0.01,413
Ir,Ru,,50.0,50.0,0.0,195.0,120.0,400.0,120.0,0.1,0.01,425
Ir,Ru,,54.0,46.0,0.0,80.0,60.0,400.0,60.0,1.0,1.0,250
Ir,,,100.0,0.0,0.0,25.0,720.0,25.0,0.0,1.0,0.06,323
